code,name,name_eng,price,shares_common,mcap_common,mcap_total,corp_code,induty_code,fiscal_month,fs_div,currency,fin_rule,net_income_parent,equity_parent,net_income_parent_prior,equity_parent_prior,dps_common,eps_reported,payout_reported_pct,valueup_plan,valueup_first_plan_date,valueup_first_preview_date,valueup_filings,is_financial,pb,roe,roe_prior,roe_jump_pp,div_yield,payout,log_pb,sector_raw,sector,roe_w,fitted_log_pb,residual,discount_pct,sector_adj_log_pb,residual_pooled,justified_pb,pb_vs_justified
005930,삼성전자,"SAMSUNG ELECTRONICS CO,.LTD",285500,5846278608,1669112542584000,1845634207244000,126380,264,12,CFS,KRW,standard,44260956000000.0,424313255000000.0,33621363000000.0,391687603000000.0,1668.0,6605.0,25.1,True,20260319.0,,1,False,4.349697270814696,0.1043119805437141,0.08583718949103426,1.8474791052679838,0.005842381786339754,0.25253595760787284,1.4701062497627315,Tech Hardware & Semis,Tech Hardware & Semis,0.1043119805437141,1.2381167826075006,0.23198946715523094,0.261106445719945,0.060975220909597505,1.0559839252744936,1.178353882775997,2.6913335920509422
000660,SK하이닉스,SK hynix Inc.,1862000,730492365,1360176783630000,1360176783630000,164779,2612,12,CFS,KRW,standard,42919287000000.0,120516178000000.0,19788681000000.0,73903394000000.0,3000.0,62044.0,4.9,True,20241127.0,,2,False,11.28625887580006,0.35612884271852696,0.2677641706144105,8.836467210411648,0.001611170784103115,0.04835278189671846,2.423585957065209,Tech Hardware & Semis,Tech Hardware & Semis,0.35612884271852696,2.7490153958004733,-0.3254294387352643,-0.27778286097701543,1.014454928212075,0.11210878653899181,4.6977751486340615,1.4024689387446916
402340,SK스퀘어,"SK Square Co., Ltd.",1190000,131923998,156989557620000,156989557620000,1596425,64992,12,CFS,KRW,standard,8824131000000.0,27636531000000.0,3713971000000.0,19032533000000.0,0.0,66713.0,0.0,True,20241121.0,20241030.0,3,False,5.680508802642415,0.31929228020694783,0.19513803023486154,12.41542499720863,0.0,0.0,1.7370408066511995,Holding Companies,Holding Companies,0.31929228020694783,1.374646785549183,0.36239402110201646,0.43676494615165273,1.4812593874436526,-0.2968853302027523,4.182943138002612,0.35801721783741547
009150,삼성전기,"SAMSUNG ELECTRO-MECHANICS CO.,LTD",1507000,74693696,112563399872000,114066310600000,126371,2622,12,CFS,KRW,standard,706113165450.0,9541761553956.0,679130069623.0,8789160638737.0,2350.0,9345.0,25.2,True,20260319.0,,1,False,11.95442895475713,0.07400239059183433,0.0772690473570171,-0.3266656765182771,0.001559389515593895,0.25147137506688066,2.481101833542522,Tech Hardware & Semis,Tech Hardware & Semis,0.07400239059183433,1.0562595510097539,1.424842282532768,3.1572021276581586,1.0719708046893879,2.2953520131032805,0.7547435871237897,14.839059991637155
005380,현대차,HYUNDAI MOTOR CO,353500,203466492,71925404922000,82448684509600,164742,30121,12,CFS,KRW,standard,9445987000000.0,115446507000000.0,12526691000000.0,109103398000000.0,10000.0,36088.0,27.7,True,20240828.0,,2,False,0.7141721880732174,0.08182133219500526,0.1148148566371874,-3.299352444218215,0.028288543140028287,0.2771004211926402,-0.33663118595048397,Autos,Autos,0.08182133219500526,-0.30595790770816533,-0.030673278242318636,-0.030207626410717392,-0.33663118595048397,-0.5812940855756836,0.8640220092161071,-0.17343287502461024
207940,삼성바이오로직스,"SAMSUNG BIOLOGICS CO.,LTD.",1366000,46290951,63233439066000,63233439066000,877059,211,12,CFS,KRW,standard,1784352060593.0,7451110647985.0,1083315885986.0,10904676062018.0,0.0,26628.0,0.0,False,,,0,False,8.486444780295967,0.23947464276020936,0.09934416023225943,14.013048252794992,0.0,0.0,2.1384701588282296,Healthcare,Healthcare,0.23947464276020936,1.2937951028177685,0.844675056010461,1.3272214750622537,1.4846354090615341,0.7059429112342805,3.067402708364546,1.7666549152982602
028260,삼성물산,SAMSUNG C&T CORPORATION,367000,162167581,59515502227000,59869925212000,149655,467,12,CFS,KRW,standard,2439114193252.0,49911892454122.0,2230258255124.0,31068664773795.0,2800.0,14906.0,18.8,False,,,0,False,1.1995122258093343,0.048868397356281054,0.07178481184698741,-2.291641449070636,0.007629427792915531,0.18784382128002147,0.18191499566695726,Retail & Trading,Retail & Trading,0.048868397356281054,-0.41732579182286716,0.5992407874898245,0.820735950007305,0.09556560573388992,0.1855413093511625,0.40346802310801916,1.9730044442411558
012450,한화에어로스페이스,"HANWHA AEROSPACE CO., LTD.",1021000,51563401,52646232421000,52646232421000,126566,31321,12,CFS,KRW,standard,1404962303000.0,9684906768000.0,2298945271000.0,4995124600000.0,7000.0,28530.0,25.63,True,20250604.0,20250502.0,3,False,5.4359049273400295,0.1450671995771968,0.4602378228963498,-31.5170623319153,0.0068560235063663075,0.24535576586049773,1.6930260066841576,Industrials,Industrials,0.1450671995771968,1.2983481870754792,0.3946778196086784,0.48390602847283004,0.46819447326488595,0.9718268976363666,1.7479534851313352,2.1098681821796843
034020,두산에너빌리티,"DOOSAN ENERBILITY CO., LTD.",81700,640561146,52333845628200,52333845628200,159616,29119,12,CFS,KRW,standard,84762000000.0,7785743000000.0,111365000000.0,7496562000000.0,0.0,132.0,0.0,False,,,0,False,6.721753547246551,0.01088682223392167,0.014855476417056245,-0.39686541831345756,0.0,0.0,1.9053490650256923,Industrials,Industrials,0.01088682223392167,0.49326728703263123,1.4120817779930612,3.1044911555790673,0.6805175316064209,2.195153694952026,-0.1273668147259162,-53.77476367538325
055550,신한지주,"SHINHAN FINANCIAL GROUP CO.,LTD",109300,469450239,51310911122700,51310911122700,382199,64992,12,CFS,KRW,standard,4971561000000.0,57959272000000.0,4450177000000.0,56053756000000.0,2590.0,9812.0,25.06,True,20240726.0,,4,False,0.8852925399528828,0.08577680202746508,0.0793912365123222,0.6385565515142883,0.023696248856358647,0.26396249490419893,-0.12183713497594204,Holding Companies,Holding Companies,0.08577680202746508,-0.026443709715370134,-0.0953934252605719,-0.09098476544676382,-0.377618554183489,-0.3963031613264867,0.91930410797864,-0.036997080433526675
329180,HD현대중공업,"HD HYUNDAI HEAVY INDUSTRIES CO.,LTD.",441000,104961225,46287900225000,46287900225000,1390344,31113,12,CFS,KRW,standard,1415484774000.0,9341619958000.0,621509050000.0,5704447952000.0,5661.0,15702.0,40.0,True,20241213.0,,2,False,4.955018554930598,0.15152455145510427,0.10895165583588096,4.257289561922331,0.012836734693877552,0.3605273213603363,1.6004009124632546,Industrials,Industrials,0.15152455145510427,1.337092232700416,0.26330867976283856,0.301228319814665,0.3755693790439827,0.8305478420710686,1.8382021734993899,1.6955786617843658
000270,기아,KIA CORPORATION,115400,390412998,45053659969200,45053659969200,106641,30121,12,CFS,KRW,standard,7560983000000.0,61187884000000.0,9772957000000.0,55831165000000.0,6800.0,19382.0,34.9,True,20241203.0,20240904.0,3,False,0.7363166859831269,0.12356993747324226,0.17504483383071087,-5.147489635746862,0.058925476603119586,0.35084098648230316,-0.30609497292871884,Autos,Autos,0.12356993747324226,-0.05546670043611224,-0.2506282724926066,-0.2216883623634187,-0.30609497292871884,-0.8653194863230564,1.44750529134096,-0.49132021113304003
034730,SK,SK Inc.,611000,72502703,44299151533000,44518528845500,181712,64992,12,CFS,KRW,standard,1597498000000.0,25187196000000.0,-1292684000000.0,25114591000000.0,8000.0,29000.0,27.6,True,20241028.0,,2,False,1.7675063490791114,0.06342500372014416,-0.05147143347864992,11.489643719879409,0.01309328968903437,0.27586206896551724,0.569569710906106,Holding Companies,Holding Companies,0.06342500372014416,-0.160554272341061,0.730123983247167,1.075337898855564,0.31378829169855904,0.46351692134118233,0.6069128184773613,1.912290357474204
068270,셀트리온,"Celltrion, Inc.",177400,232617176,41266287022400,41266287022400,413046,21100,12,CFS,KRW,standard,1029613370428.0,17208474471870.0,422691724154.0,17439141579252.0,750.0,4668.0,15.92,True,20250318.0,,2,False,2.398021224359913,0.059831763246130126,0.024238103821399796,3.5593659424730335,0.004227733934611048,0.16066838046272494,0.8746439074251667,Healthcare,Healthcare,0.059831763246130126,0.2159396519012547,0.658704255523912,0.932286961434478,0.2208091576584713,0.7956649689418179,0.5566932786563629,3.3076166289411404
066570,LG전자,LG ELECTRONICS INC.,209000,162884638,34042889342000,35257607181300,401731,264,12,CFS,KRW,standard,960579000000.0,23887393000000.0,367515000000.0,20994769000000.0,1350.0,5330.0,25.4,True,20241022.0,20240821.0,5,False,1.4759922600720807,0.04021280179046747,0.01750507471646866,2.270772707399881,0.00645933014354067,0.25328330206378985,0.3893304823109279,Tech Hardware & Semis,Tech Hardware & Semis,0.04021280179046747,0.8535223616911732,-0.46419187938024536,-0.37135708071998097,-1.0198005465422062,0.45817377968044515,0.28249642954633103,4.224817398373559
012330,현대모비스,"HYUNDAI MOBIS CO.,LTD",367500,89820585,33009064987500,33009064987500,164788,303,12,CFS,KRW,standard,3655790000000.0,49167565000000.0,4055642000000.0,46080922000000.0,6500.0,40861.0,15.9,True,20241119.0,20240904.0,3,False,0.6713585467879079,0.07435369231728274,0.08801130324605919,-1.3657610928776445,0.017687074829931974,0.1590758914368224,-0.39845193779610066,Autos,Autos,0.07435369231728274,-0.3507636710618635,-0.04768826673423715,-0.04656904309788723,-0.39845193779610066,-0.5868486978621978,0.7596534202167676,-0.11623046915745439
010120,LS ELECTRIC,"LS ELECTRIC CO., LTD",205500,150000000,30825000000000,30825000000000,105855,28121,12,CFS,KRW,standard,286623001987.0,2069766351526.0,238715669205.0,1838756342741.0,3000.0,9647.0,31.1,False,,,0,False,14.892985373577702,0.13848084919134868,0.12982452522727997,0.8656323964068707,0.014598540145985401,0.3109775059604022,2.7008903218027784,Industrials,Industrials,0.13848084919134868,1.2588301517142384,1.44206017008854,3.229400131376975,1.4760587883835068,2.0293171342058622,1.6559018988628404,7.99388145143452
035420,NAVER,NAVER Corporation,194700,152094369,29612773644300,29612773644300,266961,63120,12,CFS,KRW,standard,1953214734956.0,27581956984245.0,1923237257015.0,25459903574291.0,2630.0,13009.0,20.2,False,,,0,False,1.0736284470755653,0.07081494384432872,0.07553984842884692,-0.47249045845182,0.013507960965588085,0.20216773003305405,0.07104398378771343,Software & Internet,Software & Internet,0.07081494384432872,0.13466362183520092,-0.06361963804748749,-0.0616381511945413,-0.4356157639737646,-0.09068950398565023,0.7101954668347926,0.5117365531218117
298040,효성중공업,Hyosung Heavy Industries Corporation,2896000,9324548,27003891008000,27003891008000,1316245,281,12,CFS,KRW,standard,519893715256.0,2351728765101.0,222633314544.0,1908516731949.0,7500.0,55832.0,13.4,False,,,0,False,11.482570357912962,0.22106874014175357,0.11665253482826121,10.441620531349235,0.0025897790055248618,0.1343315661269523,2.440830264602737,Industrials,Industrials,0.22106874014175357,1.7543566578656604,0.6864736067370767,0.9866972900341691,1.2159987311834655,1.1469852650013264,2.8101597082999334,3.0860917349283294
267260,HD현대일렉트릭,"HD HYUNDAI ELECTRIC CO.,LTD",708000,36047135,25521371580000,25521371580000,1205851,281,12,CFS,KRW,standard,732605395230.0,2028771644117.0,501567028463.0,1501786699279.0,7100.0,20354.0,34.88,True,20241217.0,,2,False,12.579716230757892,0.3611078641375916,0.33398020418199187,2.7127659955599737,0.01002824858757062,0.34882578362975336,2.532085693844419,Industrials,Industrials,0.3604605913531132,2.5907063481395376,-0.058620654295118424,-0.056935551241236726,1.3072541604251477,0.18797026314504128,4.7673625214338,1.6387160980941098
005490,POSCO홀딩스,POSCO Holdings Inc.,311500,79241527,24683735660500,24683735660500,155319,2411,12,CFS,KRW,standard,657654060164.0,55730184535521.0,1094917125078.0,55394231301615.0,10000.0,8697.0,115.0,True,20241223.0,20240829.0,4,False,0.44291501752999246,0.011800679750931527,0.01976590520980978,-0.7965225458878255,0.03210272873194221,1.1498217776244681,-0.8143773613575759,Steel & Metals,Steel & Metals,0.011800679750931527,-0.6611015858242242,-0.1532757755333517,-0.14210689674202015,-0.8793568861077936,-0.5314583385884116,-0.11459463755099773,-4.865058845645226
000150,두산,"DOOSAN CO.,LTD",1512000,16193835,24485078520000,26810785619000,117212,26221,12,CFS,KRW,standard,75785000000.0,1559193000000.0,-226167000000.0,1480157000000.0,4000.0,4230.0,94.61,True,20260401.0,,1,False,17.195296296866392,0.04860527208626514,-0.1527993314222748,20.140460350853996,0.0026455026455026454,0.9456264775413712,2.844635875306945,Tech Hardware & Semis,Tech Hardware & Semis,0.04860527208626514,0.9038770981519161,1.940758777155029,5.964033115633374,1.435504846453811,2.850244748863702,0.39979055424083987,42.010761796307186
042660,한화오션,"Hanwha Ocean Co., Ltd.",79600,306413394,24390506162400,24390506162400,111704,3111,12,CFS,KRW,standard,1245838500547.0,6170251544059.0,528119120128.0,4858676068261.0,0.0,4007.0,0.0,False,,,0,False,3.952919259164449,0.20191048803294742,0.10869609595459664,9.321439207835077,0.0,0.0,1.3744543589009042,Industrials,Industrials,0.20191048803294742,1.6394073399669173,-0.26495298106601317,-0.2327579759701529,0.14962282548163253,0.22496030611983087,2.5424017857125456,0.5547972320419785
009540,HD한국조선해양,"HD KOREA SHIPBUILDING & OFFSHORE ENGINEERING CO., LTD.",332500,70773116,23532061070000,23532061070000,164830,64992,12,CFS,KRW,standard,2168412429000.0,13286077746000.0,1172335951000.0,11099427059000.0,12300.0,30664.0,40.11,True,20241213.0,,2,False,1.7711819484937703,0.1632093737862431,0.10562130322298106,5.758807056326202,0.03699248120300752,0.40112183668145057,0.5716470912388242,Holding Companies,Holding Companies,0.1632093737862431,0.438150933692925,0.13349615754589916,0.14281687490528538,0.31586567203127724,-0.28624716147771434,2.001510586783623,-0.11507740194369154
010130,고려아연,KOREA ZINC INC,1116000,20872969,23294233404000,23294233404000,102858,24213,12,CFS,KRW,standard,775018941540.0,10752452223922.0,300817351283.0,7143829493655.0,20000.0,42566.0,52.6,True,20241002.0,,3,False,2.166411244513611,0.07207834319093666,0.04210869696010797,2.9969646230828686,0.017921146953405017,0.4698585725696565,0.7730719941366816,Steel & Metals,Steel & Metals,0.07207834319093666,-0.299436217939556,1.0725082120762375,1.9227010682301993,0.7080924693864639,0.6018192197990064,0.7278528805970069,1.9764411219155371
042700,한미반도체,"HANMI Semiconductor CO., LTD.",243500,95312200,23208520700000,23208520700000,161383,29271,12,CFS,KRW,standard,214007548411.0,690327519537.0,152614498001.0,540887863389.0,800.0,2256.0,35.5,True,20250411.0,,5,False,33.61957917535413,0.31000871666616164,0.2821555230409034,2.785319362525823,0.0032854209445585215,0.3546099290780142,3.5151086108097487,Industrials,Industrials,0.31000871666616164,2.2879956128886834,1.2271129979210653,2.4113666833946907,2.290277077390477,1.5511309838390797,4.053194992202487,7.2945871688954735
011200,HMM,"HMM CO.,LTD",20800,943237970,19619349776000,19619349776000,164645,50112,12,CFS,KRW,standard,1878436000000.0,26569235000000.0,3782169000000.0,27853923000000.0,700.0,1951.0,35.15,True,20250122.0,,2,False,0.7384235856245014,0.0706996644803661,0.1357858639876329,-6.508619950726679,0.03365384615384615,0.35879036391594055,-0.30323765477530806,Transport,Transport,0.0706996644803661,-0.530958066048556,0.22772041127324794,0.2557341872249441,-0.14496738966492723,-0.4641025515497464,0.708584309259638,0.042111116454216724
015760,한국전력,KOREA ELECTRIC POWER CORPORATION,30250,641964077,19419413329250,19419413329250,159193,35120,12,CFS,KRW,standard,8544918000000.0,48169942000000.0,3491698000000.0,39915236000000.0,1542.0,13311.0,11.6,False,,,0,False,0.403143797209679,0.1773910792751214,0.08747782425738382,8.991325501773758,0.05097520661157025,0.11584403876493125,-0.9084619637819976,Utilities & Telecom,Utilities & Telecom,0.1773910792751214,-0.010979171428482593,-0.897482792353515,-0.5924056308409564,-0.6300231890996469,-1.8732105685145943,2.1997157246470502,-0.8167291379096886
017670,SK텔레콤,"SK TELECOM CO.,LTD",87100,214790053,18708213616300,18708213616300,159023,61220,12,CFS,KRW,standard,408410000000.0,12863103000000.0,1250155000000.0,11698627000000.0,1660.0,1825.0,86.6,True,20241024.0,,1,False,1.454409065705219,0.031750503747035225,0.10686339516594555,-7.511289141891033,0.019058553386911595,0.9095890410958904,0.3745996777173181,Utilities & Telecom,Utilities & Telecom,0.031750503747035225,-0.8848211440810246,1.2594208217983427,2.5233802312708242,0.6530384523996688,0.5072035273495259,0.16422638426473504,7.856123041476046
033780,KT&G,KT&G Corporation,174300,103810456,18094162480800,18094162480800,244455,12000,12,CFS,KRW,standard,1090072000000.0,9279560000000.0,1165727000000.0,9239171000000.0,6000.0,10220.0,57.6,True,20241107.0,20240808.0,4,False,1.949894443357228,0.11747022488135213,0.12617225073548266,-0.8702025854130533,0.03442340791738382,0.5870841487279843,0.6677752394988089,Consumer Staples,Consumer Staples,0.11747022488135213,0.27600516594617663,0.39177007355263227,0.4795974736983024,0.29970515957208843,0.15450999644764385,1.3622550105372166,0.4313725611391004
010140,삼성중공업,"SAMSUNG HEAVY INDUSTRIES CO.,LTD",20250,880000000,17820000000000,17820000000000,126478,3111,12,CFS,KRW,standard,545539601781.0,4148939309647.0,63876253559.0,3794592947059.0,0.0,639.0,0.0,False,,,0,False,4.295073673062757,0.13148893272854734,0.01683349293328216,11.465543979526519,0.0,0.0,1.4574687085051126,Industrials,Industrials,0.13148893272854734,1.216878724014079,0.24058998449103353,0.27199938889713393,0.23263717508584092,0.8385772455124025,1.5581820747185644,1.7564645638979797
010950,S-Oil,S-Oil Corporation,155600,112582792,17517882435200,17855724303200,138279,19210,12,CFS,KRW,"no NCI, NI = total NI",176952000000.0,8887401000000.0,-193042000000.0,8695647000000.0,330.0,1519.0,21.8,True,20250317.0,,2,False,2.009105283220595,0.019910432757563205,-0.022199843208906708,4.211027596646991,0.002120822622107969,0.21724818959842002,0.6976894902439305,Chemicals & Energy,Chemicals & Energy,0.019910432757563205,-0.0631004828440358,0.7607899730879663,1.1399660685450095,0.08336729811324683,0.9195042683075838,-0.0012518020240339996,-1605.970470287422
018260,삼성에스디에스,"SAMSUNG SDS CO., LTD.",220500,77377800,17061804900000,17061804900000,126186,62021,12,CFS,KRW,standard,759538805950.0,9916106572212.0,756996881809.0,9333119577877.0,3190.0,9819.0,32.5,True,20260319.0,,1,False,1.7206153217244013,0.0765964746767106,0.08110866634596293,-0.4512191669252333,0.014467120181405895,0.3248803340462369,0.5426819720384146,Software & Internet,Software & Internet,0.0765964746767106,0.16935274805707434,0.3733292239813403,0.4525624795235845,0.036022224276936576,0.3373866058125962,0.7909988029774431,1.17524390080963
003550,LG,LG Corp.,111900,151192004,16918385247600,17122544539800,120021,64992,12,CFS,KRW,standard,737248000000.0,28708510000000.0,574727000000.0,27083363000000.0,3100.0,4780.0,64.86,True,20241122.0,20240829.0,4,False,0.5964274892636364,0.025680468961990714,0.02122066598597818,0.44598029760125335,0.02770330652368186,0.6485355648535565,-0.5167976051624148,Holding Companies,Holding Companies,0.025680468961990714,-0.38702109719617606,-0.12977650796623874,-0.12170829981425413,-0.7725790243699617,-0.33845809741916233,0.07939088388369424,6.512543759273275
267250,HD현대,"HD HYUNDAI CO.,LTD.",205500,78993085,16233078967500,16233078967500,1205709,64992,12,CFS,KRW,standard,962697249000.0,10116362882000.0,509021030000.0,8675322438000.0,4000.0,13623.0,29.4,True,20241216.0,,2,False,1.604635891065498,0.09516238792826649,0.05867459493728618,3.648779299098031,0.019464720194647202,0.29362108199368714,0.4728968716963276,Holding Companies,Holding Companies,0.09516238792826649,0.029869710279832762,0.44302716141649484,0.557414635354865,0.21711545248878067,0.1277136315023788,1.050478129950557,0.5275290796782448
003670,포스코퓨처엠,"POSCO FUTURE M CO., LTD.",179900,88946220,16001424978000,16001424978000,155276,282,12,CFS,KRW,standard,32262297485.0,4067558055710.0,-212323486396.0,2970273518789.0,250.0,51.0,60.9,True,20241223.0,20240829.0,3,False,3.9339143434074284,0.0079316132783183,-0.07148280623077624,7.9414419509094545,0.0013896609227348527,4.901960784313726,1.3696349463204252,Industrials,Industrials,0.0079316132783183,0.4755360633403237,0.8940988829801014,1.445131446863499,0.14480341290115328,1.6817060757358855,-0.1686691530744281,-24.32325900558428
079550,LIG디펜스앤에어로스페이스,"LIG Defense&Aerospace Co., Ltd.",692000,22000000,15224000000000,15224000000000,503668,25200,12,CFS,KRW,standard,253355820875.0,1430099949880.0,219434507874.0,1209332843260.0,2950.0,11604.0,25.4,True,20260331.0,,1,False,10.645409785013593,0.17715952014141328,0.18145087938112234,-0.4291359239709053,0.00426300578034682,0.2542226818338504,2.3651287931435965,Industrials,Industrials,0.17715952014141328,1.490901784224816,0.8742270089187805,1.3970217012575157,1.1402972597243248,1.4021249081279044,2.1964794277111035,3.8465784157636795
035720,카카오,Kakao Corp.,33450,442999903,14818346755350,14818346755350,258801,63120,12,CFS,KRW,standard,491491558183.0,11276217552488.0,55277416537.0,10141299899346.0,75.0,1118.0,6.7,True,20260821.0,,1,False,1.314123879428032,0.043586562239973516,0.005450722992677179,3.8135839247296333,0.002242152466367713,0.06708407871198568,0.27317019220011635,Software & Internet,Software & Internet,0.043586562239973516,-0.028706390999563736,0.3018765831996801,0.35239430823112916,-0.2334895555613617,0.3165933462045011,0.32964849144304254,2.986439839828873
086280,현대글로비스,"HYUNDAI GLOVIS Co., LTD.",196900,75000000,14767500000000,14767500000000,360595,5299,12,CFS,KRW,standard,1733738515082.0,10351204581947.0,1093860048142.0,8773151741324.0,5800.0,23117.0,25.1,True,20241031.0,,3,False,1.4266455544464103,0.16749147419090948,0.12468267737688989,4.280879681401959,0.029456576942610464,0.25089760782108406,0.3553259225308736,Transport,Transport,0.16749147419090948,0.04979180827310681,0.3055341142577668,0.35734978930489003,0.5135961876412545,-0.534832507746478,2.061357711779805,-0.3079097595270718
272210,한화시스템,"HANWHA SYSTEMS Co., Ltd.",73900,188919389,13961142847100,13961142847100,339391,26299,12,CFS,KRW,standard,242231770680.0,4849228707428.0,454300056693.0,2490054967099.0,500.0,1952.0,44.7,True,20250626.0,20250507.0,3,False,2.8790440066715064,0.049952638923578055,0.18244579444857606,-13.249315552499802,0.006765899864682003,0.25614754098360654,1.0574582969149224,Tech Hardware & Semis,Tech Hardware & Semis,0.049952638923578055,0.911961285479074,0.14549701143584848,0.15661427796105576,-0.3516727319382116,1.0529152172780454,0.4186215072564449,5.877439302008489
278470,에이피알,"APR Co., Ltd.",368500,37438155,13795960117500,13795960117500,1190568,20423,12,CFS,KRW,standard,289654813287.0,445799810314.0,107590435967.0,323524073990.0,5090.0,7765.0,65.8,True,20260331.0,,1,False,30.94653653572169,0.6497418944233759,0.33255774335459676,31.718415106877917,0.013812754409769335,0.6555054732775274,3.4322610877224466,Chemicals & Energy,Chemicals & Energy,0.3604605913531132,1.9801970068509496,1.452064080871497,3.2719230158941723,2.8179388955917632,1.0881456570230688,8.801344739562298,2.516114576970962
000720,현대건설,"HYUNDAI ENGINEERING & CONSTRUCTION CO.,LTD",121100,111355765,13485183141500,13541187339800,164478,41221,12,CFS,KRW,standard,373147000000.0,8264726000000.0,-168663000000.0,8025410000000.0,800.0,3319.0,24.1,True,20250328.0,,2,False,1.6384314906265496,0.04514934917382621,-0.02101612254077985,6.6165471714606054,0.006606110652353427,0.24103645676408555,0.4937393760314616,Construction & Real Estate,Construction & Real Estate,0.04514934917382621,0.04570780542391295,0.44803157060754867,0.5652281100758831,-0.0779578624369594,0.5253874593092014,0.35149018036532004,3.6613862410712352
030200,KT,KT CORPORATION,52700,252021685,13281542799500,13281542799500,190321,612,12,CFS,KRW,standard,1731038000000.0,17655653000000.0,470286000000.0,16210702000000.0,2400.0,7119.0,33.6,True,20241105.0,20241028.0,6,False,0.7522544082340087,0.09804440538109806,0.029010834941016125,6.903357044008193,0.04554079696394687,0.337126000842815,-0.2846807034240031,Utilities & Telecom,Utilities & Telecom,0.09804440538109806,-0.4870584081903565,0.20237770476635342,0.22431034864592925,-0.006241928741652414,-0.6515789699004251,1.0907575354854737,-0.31033764722129953
011070,LG이노텍,"LG INNOTEK CO., LTD.",535000,23667107,12661902245000,12661902245000,105961,262,12,CFS,KRW,standard,341262000000.0,5763054000000.0,449274000000.0,5353866000000.0,1880.0,14421.0,13.0,True,20241122.0,20241107.0,3,False,2.197082006345941,0.059215478459858265,0.08391580962242985,-2.4700331162571585,0.003514018691588785,0.13036543928992442,0.7871301192174361,Tech Hardware & Semis,Tech Hardware & Semis,0.059215478459858265,0.9675382285349334,-0.1804081093174973,-0.16507060059562484,-0.6220009096356979,0.712794678058586,0.5480800119994054,3.0086884364400515
064350,현대로템,Hyundai-Rotem Co.,115900,109142293,12649591758700,12649591758700,302926,31910,12,CFS,KRW,standard,769947514000.0,3079022979000.0,406891810000.0,2044977823000.0,600.0,7055.0,8.5,False,,,0,False,4.108313528341485,0.2500622825004256,0.19897125798806278,5.109102451236283,0.005176876617773943,0.08504606661941885,1.4130126105613536,Industrials,Industrials,0.2500622825004256,1.9283176172825032,-0.5153050067211495,-0.4026816192893661,0.1881810771420822,-0.0992889198018645,3.215376772274108,0.277708280960131
047810,한국항공우주,"KOREA AEROSPACE INDUSTRIES, LTD.",127500,97475107,12428076142500,12428076142500,309503,31311,12,CFS,KRW,standard,185887822500.0,1830169571361.0,172075960913.0,1705857243034.0,500.0,1907.0,26.2,True,20250430.0,,2,False,6.790669201902368,0.10156863353474131,0.1008735998370822,0.06950336976591087,0.00392156862745098,0.26219192448872575,1.9155494936953876,Industrials,Industrials,0.10156863353474131,1.0373572330074219,0.8781922606879657,1.4065453651832645,0.6907179602761158,1.5220973606188148,1.1400125512240835,4.956661788162697
003490,대한항공,"KOREAN AIR LINES CO.,LTD",31500,368220609,11598949183500,11623608743700,113526,511,12,CFS,KRW,standard,779673735522.0,10954036206278.0,1317261688939.0,10472882288647.0,750.0,2133.0,35.5,True,20241220.0,,2,False,1.0611256458179545,0.07117684484876467,0.1257783342382222,-5.460148938945754,0.023809523809523808,0.35161744022503516,0.05933027469209379,Transport,Transport,0.07117684484876467,-0.5280949886889637,0.5874252633810575,0.799349594797883,0.21760053980247468,-0.10513001468868521,0.7152534366631319,0.48356595218670795
443060,HD현대마린솔루션,"HD Hyundai Marine Solution Co., Ltd",239000,44833460,10715196940000,10715196940000,1194689,7212,12,CFS,KRW,standard,269571288127.0,824724855468.0,227940276635.0,773534561558.0,3950.0,6013.0,65.7,True,20241217.0,20251226.0,3,False,12.992450596047009,0.32686208780991394,0.2946736809999781,3.2188406809935843,0.016527196652719664,0.6569100282720771,2.5643684653954053,Business Services,Business Services,0.32686208780991394,2.2024436686442685,0.36192479675113676,0.4360909391950327,1.526208931759342,0.47340638974442273,4.2887396348148,2.029433283983456
307950,현대오토에버,HYUNDAI AUTOEVER CORPORATION.,377500,27423982,10352553205000,10352553205000,362441,582,12,CFS,KRW,standard,182484125000.0,1847125538000.0,170788484000.0,1705413877000.0,1900.0,6654.0,28.6,False,,,0,False,5.604683055927734,0.09879356938434576,0.10014488934523898,-0.13513199608932158,0.005033112582781457,0.2855425308085362,1.7236025082576345,Software & Internet,Software & Internet,0.09879356938434576,0.3025350906572972,1.4210674176003373,3.1415388331396805,1.2169427604961565,1.3510595445208182,1.1012279372761804,4.089484988721384
078930,GS,GS Holdings,110700,92895495,10283531296500,10387998277700,500254,64992,12,CFS,KRW,standard,798737000000.0,14703329000000.0,567020000000.0,14076817000000.0,3000.0,8500.0,35.6,True,20250814.0,,3,False,0.706506552203246,0.0543235480890076,0.04028041282343871,1.4043135265568891,0.02710027100271003,0.35294117647058826,-0.3474228027275294,Holding Companies,Holding Companies,0.0543235480890076,-0.21516291360661421,-0.1322598891209152,-0.12388672681895607,-0.6032042219350764,-0.3848992038862288,0.47970983365004305,0.4727789647911518
006260,LS,LS Corp.,321500,31200000,10030800000000,10030800000000,105952,64992,12,CFS,KRW,standard,270815000000.0,5003131000000.0,237334000000.0,4591860000000.0,2500.0,9903.0,25.25,True,20260327.0,,1,False,2.0049045287840754,0.05412910435485299,0.05168580923634431,0.24432951185086801,0.007776049766718507,0.25244875290316066,0.6955964430582819,Holding Companies,Holding Companies,0.05412910435485299,-0.2163295740349151,0.9119260170931971,1.4891119918580156,0.43981502385073507,0.6595851096400576,0.47699226578311626,3.2032223006644847
047050,포스코인터내셔널,POSCO INTERNATIONAL,55300,175922788,9728530176400,9728530176400,124504,461,12,CFS,KRW,standard,614085020000.0,6708434041000.0,514555065000.0,6544550750000.0,1850.0,3603.0,51.3,True,20241223.0,20240829.0,4,False,1.4501939076902373,0.09153924988259417,0.07862343568807989,1.2915814194514277,0.03345388788426763,0.5134610047182903,0.37169727693304133,Retail & Trading,Retail & Trading,0.09153924988259417,-0.16130111043750422,0.5329983873705455,0.7040340104130753,0.28534788699997393,0.05381315590629393,0.9998407382486998,0.4504249049007212
028050,삼성E&A,"SAMSUNG E&A CO.,LTD",49350,196000000,9672600000000,9672600000000,126308,72129,12,CFS,KRW,standard,617480998604.0,4740713498360.0,756929334156.0,4231791398254.0,790.0,3150.0,25.1,True,20260320.0,,1,False,2.0403257871090785,0.1302506466205163,0.17886735496184958,-4.861670834133328,0.0160081053698075,0.2507936507936508,0.713109494668781,Business Services,Business Services,0.1302506466205163,1.0227770201705393,-0.30966752550175825,-0.26630915082510653,-0.3250500389672826,0.10354809848558899,1.5408756464508828,0.3241339700634409
000500,가온전선,"GAON CABLE CO.,LTD",318500,29777607,9484167829500,9484167829500,104768,28302,12,CFS,KRW,standard,51396625000.0,483788805000.0,25355195000.0,453705043000.0,100.0,3107.0,3.2,False,,,0,False,19.60394232251819,0.10623773115212949,0.05588475462460311,5.0352976527526385,0.0003139717425431711,0.0321853878339234,2.9757306849147436,Industrials,Industrials,0.10623773115212949,1.0653717712478241,1.9103589136669195,5.755513009410184,1.750899151495472,2.5470984812326294,1.205268393525842,15.265209000602457
180640,한진칼,HANJINKAL,140100,66762275,9353394727500,9369383182050,983040,64992,12,CFS,KRW,standard,155013035000.0,3342274997000.0,496999178000.0,3191221630000.0,360.0,2313.0,15.6,True,20250211.0,,2,False,2.8032951179839736,0.04637949753959159,0.15573947397692964,-10.935997643733804,0.002569593147751606,0.1556420233463035,1.0307955531134747,Holding Companies,Holding Companies,0.04637949753959159,-0.26282713614749864,1.2936226892609732,2.6459708795307066,0.7750141339059278,1.0531748847159976,0.36868287461638943,6.603540362162935
003230,삼양식품,Samyang Foods Inc.,1215000,7533015,9152613225000,9152613225000,126955,108,12,CFS,KRW,standard,389437490173.0,1255376104221.0,271985324667.0,816847076602.0,4800.0,52156.0,9.2,True,20250326.0,,2,False,7.290733983406098,0.31021579020309464,0.33296969831664336,-2.2753908113548715,0.003950617283950617,0.09203159751514686,1.9866042245471147,Consumer Staples,Consumer Staples,0.31021579020309464,1.4324765985127144,0.5541276260344004,0.7404220234568335,1.6185341446203945,0.021066368545741065,4.056089075637505,0.7974787652463466
259960,크래프톤,"KRAFTON, Inc.",198000,45916188,9091405224000,9091405224000,760971,5821,12,CFS,KRW,standard,734769945450.0,7041422132872.0,1306089757323.0,6827837668465.0,2240.0,16454.0,13.6,True,20260430.0,,1,False,1.291131969145538,0.10434965147449664,0.1912889293421981,-8.693927786770146,0.011313131313131313,0.13613710951744257,0.25551932906117075,Software & Internet,Software & Internet,0.10434965147449664,0.33587152671759424,-0.08035219765642349,-0.07720871578074084,-0.2511404187003073,-0.15888683314332552,1.1788803760130093,0.09521881559532375
007660,이수페타시스,"ISUPETASYS CO.,LTD",118900,73409219,8728356139100,8728356139100,107613,2622,12,CFS,KRW,standard,160481952837.0,755497178248.0,74034111779.0,327526708412.0,230.0,2279.0,11.0,True,20250430.0,,2,False,11.55312870835743,0.21241899699633304,0.22603992247823512,-1.362092548190208,0.001934398654331371,0.10092145677928917,2.4469562841258696,Tech Hardware & Semis,Tech Hardware & Semis,0.21241899699633304,1.8867577823563617,0.5601985017695079,0.7510200463783536,1.0378252552727354,1.2182841722024667,2.6892699088349956,3.296009363136889
090430,아모레퍼시픽,AMOREPACIFIC CORP.,142500,58492759,8335218157500,8785509607000,583424,20423,12,CFS,KRW,standard,235682371206.0,5449271639491.0,593187213073.0,5252371283408.0,1240.0,3416.0,36.3,True,20241112.0,20241031.0,4,False,1.6122355771973642,0.043250251923211955,0.11293702997479466,-6.96867780515827,0.008701754385964912,0.3629976580796253,0.4776217731076689,Chemicals & Energy,Chemicals & Energy,0.043250251923211955,0.07693819488785059,0.4006835782198183,0.4928448251411115,-0.13670041902301472,0.5235789115472864,0.324948179992428,3.9615159476656645
0126Z0,삼성에피스홀딩스,"SAMSUNG EPIS HOLDINGS Co., Ltd.",330000,24883049,8211406170000,8211406170000,1965324,64992,12,CFS,KRW,standard,85313155522.0,5905769042165.0,,,0.0,3433.0,0.0,False,,,0,False,1.3904042151620908,0.014445731777334284,,,0.0,0.0,0.32959450714269983,Holding Companies,Holding Companies,0.014445731777334284,-0.45442940609687654,0.7840239132395763,1.1902680054079529,0.07381308793515284,0.5925839579325505,-0.07762708791740558,-18.911327765398937
161390,한국타이어앤테크놀로지,"HANKOOK TIRE & TECHNOLOGY CO.,LTD",57300,123875069,7098041453700,7098041453700,937324,221,12,CFS,KRW,standard,1089466342315.0,12105483748917.0,1114628550190.0,11100370242882.0,2300.0,8931.0,25.8,True,20250925.0,,2,False,0.5863492612870606,0.08999775349022855,0.10041363718518707,-1.041588369495852,0.04013961605584642,0.25752995185309596,-0.5338396579256729,Materials,Materials,0.08999775349022855,-0.4117234084495849,-0.12211624947608801,-0.11495452355078195,-0.37901571253070065,-0.8401091252515311,0.9782966083692287,-0.40064265145059097
021240,코웨이,"COWAY Co., Ltd.",99800,70767426,7062589114800,7062589114800,170558,969,12,CFS,KRW,standard,617724967901.0,3613727511069.0,565600031105.0,3198397576980.0,1940.0,8630.0,22.2,True,20250213.0,20250106.0,4,False,1.9543778807801615,0.17093844680012046,0.1768385629028185,-0.5900116102698028,0.019438877755511022,0.22479721900347624,0.6700719232449547,Consumer Discretionary,Consumer Discretionary,0.17093844680012046,0.21518880186550923,0.4548831213794454,0.5759891728285544,0.6836269953778403,-0.24605827924718382,2.1095329951937716,-0.07354950824049955
000880,한화,HANWHA CORP,130000,53328897,6932756610000,7520554960650,160588,20494,12,CFS,KRW,standard,372479000000.0,11840206000000.0,772976000000.0,10759984000000.0,1100.0,4072.0,26.49,True,20260114.0,,2,False,0.6351709556953654,0.031458827658910664,0.07183802503795544,-4.0379197379044784,0.008461538461538461,0.27013752455795675,-0.4538610947555639,Chemicals & Energy,Chemicals & Energy,0.031458827658910664,0.006189769168309045,-0.46005086392387295,-0.36874846323976596,-1.0681832868862475,-0.3190595644974561,0.16014988589833398,2.966103079827252
064400,LG씨엔에스,"LG CNS Co., Ltd.",69400,96885948,6723884791200,6723884791200,139834,62021,12,CFS,KRW,standard,437876523000.0,2932750548000.0,364512422000.0,2115116477000.0,1850.0,4549.0,40.9,True,20260324.0,,1,False,2.292688955692252,0.14930575097790416,0.17233680790809705,-2.303105693019289,0.026657060518731988,0.4066827874258079,0.829725345172689,Software & Internet,Software & Internet,0.14930575097790416,0.6056076667347403,0.22411767843794872,0.2512182521745814,0.323065597411211,0.07659018557269015,1.8071919642675192,0.26864716146605483
128940,한미약품,"Hanmi Pharm. Co., Ltd.",520000,12810991,6661715320000,6661715320000,828497,21212,12,CFS,KRW,standard,169554330032.0,1249756305417.0,121315102389.0,1084893341851.0,2000.0,13372.0,14.6,True,20250305.0,,2,False,5.330411449916404,0.1356699136440249,0.11182214666560421,2.3847766978420686,0.0038461538461538464,0.14956625785222855,1.6734284303046316,Healthcare,Healthcare,0.1356699136440249,0.6709677833524142,1.0024606469522173,1.724978796413346,1.0195936805379362,1.023034690885069,1.616615942168884,2.297265176517447
062040,산일전기,"SANIL ELECTRIC CO., LTD",205500,30642850,6297105675000,6297105675000,366438,28112,12,CFS,KRW,standard,148921775330.0,585470613825.0,83676177904.0,434241887238.0,1250.0,4964.0,25.14,True,20260326.0,,1,False,10.75563064362823,0.25436251079633765,0.19269485593898644,6.16676548573512,0.006082725060827251,0.2518130539887188,2.3754293982510135,Industrials,Industrials,0.25436251079633765,1.9541189433438066,0.42131045490720687,0.5239573250050575,1.1505978648317419,0.8307271028006096,3.2754772547516118,2.2836835084186404
032640,LG유플러스,LG Uplus Corp,14640,424427732,6213621996480,6213621996480,231363,61220,12,CFS,KRW,standard,523866000000.0,8866858000000.0,374464000000.0,8556021000000.0,660.0,1221.0,53.73,True,20241122.0,,3,False,0.7007693138290926,0.05908135666546143,0.043766138488907404,1.5315218176554026,0.045081967213114756,0.5405405405405406,-0.3555765276629805,Utilities & Telecom,Utilities & Telecom,0.05908135666546143,-0.7208363044035109,0.3652597767405304,0.44088826879294274,-0.07713775298062986,-0.4289014064855345,0.5462055104615078,0.2829773783076419
267270,HD건설기계,"HD Construction Equipment Co.,Ltd.",129700,47497386,6160410964200,6160410964200,1205842,29241,12,CFS,KRW,standard,99380124000.0,1805220579000.0,99970496000.0,1657828153000.0,550.0,5698.0,26.5,True,20241212.0,,2,False,3.4125530341630346,0.05505151290434076,0.06030208608720617,-0.5250573182865412,0.004240555127216654,0.09652509652509653,1.2274607015369925,Industrials,Industrials,0.05505151290434076,0.7582549820969496,0.46920571944004286,0.5987238535034991,0.002629168117720626,1.1844993318253982,0.4898839531659212,5.96604371731119
001440,대한전선,"Taihan Cable & Solution Co., Ltd.",30950,195992596,6065970846200,6065970846200,113207,28302,12,CFS,KRW,standard,84220667290.0,1601618322696.0,70445443745.0,1473203571898.0,0.0,453.0,0.0,False,,,0,False,3.7874010057459677,0.05258473014234226,0.047817861080965,0.47668690613772574,0.0,0.0,1.3316800333971335,Industrials,Industrials,0.05258473014234226,0.7434543106011524,0.5882257227959811,0.8007904777289967,0.10684849997786183,1.3073050370807873,0.45540791516016293,7.316502369999371
326030,SK바이오팜,"SK biopharmaceuticals Co., Ltd.",75900,78313250,5943975675000,5943975675000,878696,7011,12,CFS,KRW,standard,266950497803.0,813035724864.0,240738037875.0,546273129341.0,0.0,3409.0,0.0,False,,,0,False,7.310841938703585,0.32833796798738946,0.440691707032004,-11.235373904461454,0.0,0.0,1.9893584434226472,Healthcare,Healthcare,0.32833796798738946,1.8269741508366257,0.1623842925860215,0.17631220253104574,1.335523693655952,-0.11272388995341398,4.309366704970491,0.6965003071730114
353200,대덕전자,"DAEDUCK ELECTRONICS CO.,LTD",119400,49416925,5900380845000,5952664044050,1478712,2622,12,CFS,KRW,standard,47605327690.0,897305160164.0,23762727122.0,875513939249.0,500.0,924.0,54.1,True,20260327.0,,1,False,6.633934929073666,0.05305366535649834,0.027141460640116407,2.5912204716381932,0.0041876046901172526,0.5411255411255411,1.8921981317751673,Tech Hardware & Semis,Tech Hardware & Semis,0.05305366535649834,0.9305674125529687,0.9616307192221986,1.6159588915238743,0.48306710292203325,1.8642898672996808,0.46196180734497194,13.360353656075613
000990,DB하이텍,"DB HiTek Co.,LTD",132000,43504588,5742605616000,5742605616000,160843,2611,12,CFS,KRW,standard,256071900592.0,2142364349472.0,229473615387.0,1949982258640.0,810.0,6285.0,13.53,True,20240814.0,20240614.0,4,False,2.680499055828344,0.11952770809274839,0.11767984778848428,0.18478603042641067,0.006136363636363636,0.1288782816229117,0.9860029920482525,Tech Hardware & Semis,Tech Hardware & Semis,0.11952770809274839,1.3294109932255274,-0.3434080011772749,-0.2906512626086307,-0.42312803680488154,0.45723530921577327,1.39101063121248,0.9270155063386369
000100,유한양행,YUHAN CORPORATION,74100,73615781,5454929372100,5530834646100,145109,212,12,CFS,KRW,equity = total - NCI,194079171666.0,2306842780631.0,70687449399.0,2100543104237.0,600.0,2599.0,23.1,True,20241031.0,,1,False,2.3975776297104776,0.08413194574660729,0.033651987077254704,5.047995866935259,0.008097165991902834,0.2308580223162755,0.8744589066925371,Healthcare,Healthcare,0.08413194574660729,0.36174049987949386,0.5127184068130433,0.6698242924860145,0.2206241569258418,0.6123863158274805,0.8963154084764104,1.6749262670670442
052690,한전기술,"KEPCO Engineering & Construction Company, Inc",130400,38220000,4983888000000,4983888000000,159209,72129,12,CFS,KRW,standard,85367742275.0,624966182864.0,58512128400.0,577473652879.0,1347.0,2244.0,60.0,True,20241231.0,,3,False,7.974652287841553,0.13659577848482887,0.10132432554851163,3.5271452936317242,0.010329754601226994,0.6002673796791443,2.0762680474497373,Business Services,Business Services,0.13659577848482887,1.0608477468546846,1.0154203005950526,1.7605234032126602,1.0381085138136736,1.4188982297512858,1.6295559350744178,3.8937579350274776
036570,NC,NC Corporation,212000,21544022,4567332664000,4567332664000,261443,582,12,CFS,KRW,standard,346670401234.0,3364869232962.0,94215383021.0,3058458965781.0,1150.0,17876.0,6.4,False,,,0,False,1.3573581461231126,0.10302641120137551,0.03080485436460365,7.222155683677187,0.005424528301886792,0.06433206533900201,0.30554027095559305,Software & Internet,Software & Internet,0.10302641120137551,0.32793209853032734,-0.02239182757473429,-0.02214299136335629,-0.201119476805885,-0.09889572355244425,1.1603866186178855,0.16974646582863584
271560,오리온,ORION CORP.,110100,39528788,4352119558800,4352119558800,1238169,108,12,CFS,KRW,standard,382705010974.0,3808663397961.0,524592568051.0,3471235408182.0,3500.0,9682.0,36.2,True,20250630.0,,3,False,1.142689469783532,0.10048276021947342,0.15112560986630014,-5.064284964682672,0.03178928247048138,0.3614955587688494,0.13338466792157025,Consumer Staples,Consumer Staples,0.10048276021947342,0.17408055066175843,-0.04069588274018818,-0.0398789250568079,-0.23468541200515022,-0.25188577716511484,1.1248362615793948,0.015871828473123184
034220,LG디스플레이,"LG Display Co., Ltd.",8490,500000000,4245000000000,4245000000000,105873,2621,12,CFS,KRW,standard,226312000000.0,6604124000000.0,-2562606000000.0,6542261000000.0,0.0,453.0,0.0,True,20241122.0,,2,False,0.6427801779615283,0.03426828448405875,-0.3917003616945273,42.59686461785861,0.0,0.0,-0.4419524826173861,Tech Hardware & Semis,Tech Hardware & Semis,0.03426828448405875,0.8178553182819852,-1.2598078008993714,-0.7162914502119511,-1.8510835114705202,-0.3283192588654117,0.19941517580204254,2.2233262858570493
002380,KCC,KCC Corporation,476000,8592896,4090218496000,4090218496000,105271,20411,12,CFS,KRW,standard,1538496275573.0,7824485732406.0,343824075640.0,5265962627794.0,15000.0,209201.0,7.17,True,20250703.0,,2,False,0.5227459843219975,0.1966258650330388,0.06529178042876345,13.133408460427537,0.031512605042016806,0.07170137810048709,-0.6486596225355203,Chemicals & Energy,Chemicals & Energy,0.1966258650330388,0.9971903143999559,-1.6458499369354762,-0.8071514160166724,-1.262981814666204,-1.7583358292368514,2.468543290267512,-0.7882370601386746
082740,한화엔진,"Hanwha Engine Co., Ltd.",47600,83447142,3972083959200,3972083959200,361008,29111,12,CFS,KRW,standard,173753426631.0,556102899924.0,79159548487.0,393295789886.0,0.0,2071.0,0.0,False,,,0,False,7.1427139828669235,0.3124483376273457,0.201272300702596,11.11760369247497,0.0,0.0,1.9660928137733504,Industrials,Industrials,0.3124483376273457,2.3026333138557082,-0.3365405000823578,-0.285763043665177,0.7412612803540786,-0.016266531614511193,4.087291413773588,0.7475421397155577
103590,일진전기,"ILJIN ELECTRIC CO.,LTD",81700,47685390,3895896363000,3895896363000,683469,2830,12,CFS,KRW,standard,103889478000.0,588671403000.0,46193258000.0,500309704000.0,500.0,2179.0,22.95,False,,,0,False,6.618117243585552,0.1764812720144994,0.09232932647654582,8.415194553795358,0.006119951040391677,0.22946305644791187,1.8898109252061337,Industrials,Industrials,0.1764812720144994,1.4868323023580952,0.40297862284803854,0.4962749052256692,0.6649793917868618,0.9319174103193606,2.187000154318633,2.0261164959302205
001040,CJ,CJ Corp.,130000,29176998,3793009740000,4484445947600,148540,64992,12,CFS,KRW,standard,143329782000.0,5208897884000.0,94269008000.0,5452300896000.0,3300.0,4271.0,,True,20260327.0,,1,False,0.8609203035779843,0.02751633554580929,0.017289766246972735,1.0226569298836554,0.025384615384615384,0.7726527745258721,-0.1497533414657865,Holding Companies,Holding Companies,0.02751633554580929,-0.3760059163558509,0.2262525748900644,0.25389232700274866,-0.40553476067333344,0.014753532793735036,0.10504916522580665,7.195403568675751
008930,한미사이언스,"Hanmi Science Co.,Ltd",52100,68391550,3563199755000,3563199755000,161426,64992,12,CFS,KRW,standard,118369957151.0,961852859665.0,59421641043.0,840928986273.0,300.0,1748.0,17.35,True,20241108.0,,2,False,3.7045164644424022,0.12306451653346086,0.07066190131744288,5.2402615216017985,0.005758157389635317,0.17162471395881007,1.3095527413085912,Holding Companies,Holding Companies,0.12306451653346086,0.1972821982706261,1.1122705430379651,2.041255863299559,1.0537713221010443,0.7541364036698455,1.440441470481967,1.57179242638917
161890,한국콜마,"KOLMAR KOREA CO.,LTD",147000,23605077,3469946319000,3469946319000,939331,20423,12,CFS,KRW,standard,125078561970.0,910357247405.0,90074028307.0,792634831327.0,864.0,5299.0,16.31,False,,,0,False,3.8116314544550325,0.1373950307162821,0.11363874604930164,2.3756284666980445,0.005877551020408163,0.16304963200603886,1.3380573007547902,Chemicals & Energy,Chemicals & Energy,0.1373950307162821,0.6418059106131886,0.6962513901416016,1.0062180652590245,0.7237351086241066,0.6746653879454019,1.6407263756710773,1.3231365759546763
036460,한국가스공사,KoreaGasCorporation,35600,92313000,3286342800000,3286342800000,261285,35200,12,CFS,KRW,standard,133021000000.0,10802423000000.0,1146749000000.0,10829084000000.0,1154.0,1463.0,75.7,True,20260422.0,,1,False,0.30422274706332086,0.012313996591320299,0.10589529086670674,-9.358129427538644,0.03241573033707865,0.7887901572112098,-1.1899951252815717,Utilities & Telecom,Utilities & Telecom,0.012313996591320299,-1.001439989432606,-0.18855513584896566,-0.17184515884040297,-0.9115563505992209,-0.9109437712072402,-0.10742046268206788,-3.8320744434300966
004170,신세계,SHINSEGAE Inc.,347000,9445181,3277477807000,3277477807000,136378,47111,12,CFS,KRW,standard,13937046414.0,4455332903779.0,107782477017.0,4265138301271.0,5200.0,1590.0,327.13,True,20241227.0,20240912.0,4,False,0.7356302834789412,0.0031281717247612717,0.02527057023798762,-2.2142398513226347,0.014985590778097982,3.270440251572327,-0.30702761869406314,Retail & Trading,Retail & Trading,0.003476022334144433,-0.689679580517409,0.3826519618233458,0.466167658940545,-0.39337700862713043,0.038614880791216055,-0.23580260159289593,-4.119686884324451
012750,에스원,S-1 CORPORATION,83300,37999178,3165331527400,3165331527400,158501,75320,12,CFS,KRW,standard,178566844211.0,1756324291678.0,176732400410.0,1660661064990.0,3200.0,5281.0,60.6,True,20260319.0,,1,False,1.8022477639228165,0.1016707706299481,0.10642292044768584,-0.4752149817737736,0.03841536614645858,0.6059458435902291,0.5890346435875721,Business Services,Business Services,0.1016707706299481,0.8512980547571751,-0.26226341116960306,-0.23069164739711323,-0.44912489004849154,0.1948129420600339,1.1414400309480355,0.5789246172012559
375500,DL이앤씨,"DL E&C CO.,LTD.",80900,38693623,3130314100700,3294147828650,1524093,412,12,CFS,KRW,standard,370189019489.0,5244091831162.0,229223745163.0,4845710111118.0,890.0,8746.0,10.05,False,,,0,False,0.6281636429543748,0.0705916355791528,0.04730446929482408,2.328716628432872,0.011001236093943139,0.10176080493940087,-0.46495456850565037,Construction & Real Estate,Construction & Real Estate,0.0705916355791528,0.19836126522113878,-0.6633158337267892,-0.48485962040633934,-1.0366518069740716,-0.6250055040645489,0.7070744849810975,-0.11160188028681628
192820,코스맥스,"COSMAX, INC.",272000,11349509,3087066448000,3087066448000,1009789,20423,12,CFS,KRW,standard,123064158267.0,558159240881.0,85796823726.0,473397931954.0,3300.0,10847.0,28.6,True,20251203.0,,2,False,5.530798779085636,0.22048216575749102,0.18123616081689362,3.9246004940597405,0.01213235294117647,0.30423158476998247,1.7103322497840618,Chemicals & Energy,Chemicals & Energy,0.22048216575749102,1.140327876234346,0.5700043735497158,0.7682747850545071,1.0960100576533782,0.42090688968149315,2.8019616776194143,0.9739023639269326
111770,영원무역,Youngone Corporation,69300,44311468,3070784732400,3070784732400,776820,46800,12,CFS,KRW,standard,492268483607.0,4092315540912.0,427050356020.0,3686692649307.0,2100.0,11558.0,18.2,True,20250811.0,20260731.0,3,False,0.7503782886975658,0.12029094010118649,0.11583562738821586,0.445531271297063,0.030303030303030304,0.18169233431389514,-0.2871778146810156,Retail & Trading,Retail & Trading,0.12029094010118649,0.011208738597419263,-0.2983865532784349,-0.25798554381722816,-0.3735272046140829,-0.82169619243263,1.4016776490526748,-0.4646570206746824
035250,강원랜드,"Kangwon Land, Inc.",14320,213940500,3063627960000,3063627960000,255619,91249,12,CFS,KRW,standard,318192491518.0,3964522156208.0,456895295638.0,3883666448036.0,950.0,1572.0,59.2,True,20241010.0,20241002.0,4,False,0.7727609631851092,0.08025998568824896,0.11764534924698682,-3.7385363558737854,0.06634078212290503,0.6043256997455471,-0.257785510836503,Consumer Discretionary,Consumer Discretionary,0.08025998568824896,-0.32888104300964904,0.07109553217314607,0.07368379231503308,-0.24423043870361727,-0.49068419286581344,0.8422004518676695,-0.08245007293521478
022100,포스코DX,POSCO DX COMPANY LTD.,19990,152034729,3039174232710,3039174232710,155212,72129,12,CFS,KRW,standard,52081264979.0,569587084549.0,88036600048.0,523191568131.0,125.0,343.0,36.4,False,,,0,False,5.335749905769761,0.0914368783839929,0.16826838468076544,-7.683150629677253,0.00625312656328164,0.36443148688046645,1.6744294382813727,Business Services,Business Services,0.0914368783839929,0.7898948053145467,0.884534632966826,1.421857076755758,0.6362699046453091,1.35731665185585,0.9984099824760981,4.344247352712641
028670,팬오션,"Pan Ocean Co., Ltd.",5600,534569512,2993589267200,2993589267200,122737,50112,12,CFS,KRW,standard,301407000000.0,5723482000000.0,268143000000.0,5653383000000.0,150.0,564.0,26.6,True,20260327.0,,1,False,0.5230363731728342,0.05266147425640545,0.04743053849350026,0.5230935762905189,0.026785714285714284,0.26595744680851063,-0.6481042701599156,Transport,Transport,0.05266147425640545,-0.6391870240242669,-0.008917246135648704,-0.008877605412528689,-0.48983400504953467,-0.6730575074068537,0.45648049967547605,0.14580222713713842
006360,GS건설,GS Engineering & Construction Corp,34600,85581490,2961119554000,2961119554000,120030,4111,12,CFS,KRW,standard,93518000000.0,4792962000000.0,245568000000.0,4414089000000.0,500.0,1073.0,45.4,True,20260325.0,,1,False,0.6178057647859507,0.019511525440844304,0.05563277043122601,-3.6121244990381705,0.014450867052023121,0.4659832246039143,-0.48158116738879386,Construction & Real Estate,Construction & Real Estate,0.019511525440844304,-0.10811887635150108,-0.3734622910372928,-0.31165305734386395,-1.0532784058572149,-0.25676075767696604,-0.00682697630522359,-91.49478673497711
011780,금호석유화학,"KUMHO PETRO CHEMICAL CO.,LTD",116900,25157325,2940891292500,3089949152300,106368,201,12,CFS,KRW,standard,290936738220.0,6245291877385.0,348621508633.0,6037777043046.0,1700.0,11300.0,15.0,True,20250210.0,,2,False,0.49476457033002746,0.046584970555742816,0.057740043421199906,-1.115507286545709,0.01454234388366125,0.1504424778761062,-0.7036732450492661,Chemicals & Energy,Chemicals & Energy,0.046584970555742816,0.09694647278379998,-0.8006197178330661,-0.5509494067901382,-1.3179954371799498,-0.6828420830949454,0.3715545889899114,0.3316066736655525
023530,롯데쇼핑,"LOTTE SHOPPING CO.,LTD.",103900,28288755,2939201644500,2939201644500,120526,47111,12,CFS,KRW,standard,51555579106.0,15185023750402.0,-968016249419.0,15503954524320.0,4000.0,1824.0,219.3,True,20241011.0,,3,False,0.1935592392091049,0.0033951595962854616,-0.06243673173192934,6.583189132821481,0.03849855630413859,2.192982456140351,-1.6421716675818707,Retail & Trading,Retail & Trading,0.003476022334144433,-0.689679580517409,-0.9524920870644618,-0.6142215689171662,-1.7285210575149381,-1.2965291680965916,-0.23207114856527417,-1.8340512830041122
017800,현대엘리베이터,"HYUNDAI ELEVATOR CO.,LTD",73700,39092385,2881108774500,2881108774500,164724,29162,12,CFS,KRW,standard,262047290347.0,1352124960927.0,183197914187.0,1254671599022.0,14010.0,7258.0,193.0,True,20241212.0,20240911.0,4,False,2.130800671355662,0.1938040476431584,0.14601264133961459,4.779140630354381,0.19009497964721844,1.9302838247451088,0.756497811132772,Industrials,Industrials,0.1938040476431584,1.590768780034576,-0.834270968901804,-0.5658090952501262,-0.4683337222864996,-0.3319169563897677,2.429105247697436,-0.12280430278784293
251270,넷마블,Netmarble Corporation,34350,83158425,2856491898750,2856491898750,904672,5821,12,CFS,KRW,standard,225033175328.0,5429700987984.0,25640335233.0,5416041831044.0,876.0,2746.0,31.9,True,20260326.0,,1,False,0.5260864097436404,0.041444855955420266,0.004734146454710367,3.6710709500709897,0.025502183406113536,0.3190094683175528,-0.6422898026572647,Software & Internet,Software & Internet,0.041444855955420266,-0.0415566069352693,-0.6007331957219953,-0.4515906027718116,-1.1489495504187426,-0.582729616514952,0.29971575946480855,0.7552844424432457
007340,DN오토모티브,DN AUTOMOTIVE CORPORATION,47900,58510865,2802670433500,2802670433500,116949,28202,12,CFS,KRW,standard,281602585000.0,2007332574000.0,284931413000.0,1741561468000.0,1000.0,5440.0,18.38,False,,,0,False,1.396216287127317,0.14028696024139745,0.163606865583225,-2.3319905341827543,0.020876826722338204,0.18382352941176472,0.3337659258115199,Industrials,Industrials,0.14028696024139745,1.2696667996544262,-0.9359008738429062,-0.6077676455474832,-0.8910656076077514,-0.3514156973909271,1.6811443134618684,-0.1694845731285366
383220,F&F,"F&F CO.,Ltd",67800,38307075,2597219685000,2597219685000,1568413,14111,12,CFS,KRW,standard,398531197364.0,1878678882040.0,360375370051.0,1562200168382.0,2700.0,10611.0,25.39,True,20250429.0,20250221.0,4,False,1.382471325903104,0.21213375057010656,0.2306845033976968,-1.855075282759025,0.03982300884955752,0.2544529262086514,0.3238727134420119,Consumer Discretionary,Consumer Discretionary,0.21213375057010656,0.4623602057126688,-0.13848749227065688,-0.1293258586424828,0.33742778557489755,-0.9026501631822073,2.6852832721586375,-0.48516741595319024
014680,한솔케미칼,"Hansol Chemical Co., Ltd",236500,10794036,2552789514000,2552789514000,140955,20129,12,CFS,KRW,standard,147278669947.0,1080490634159.0,122679144718.0,974318215904.0,2600.0,13428.0,19.2,True,20250429.0,,2,False,2.362620677398989,0.13630721571375246,0.12591281032775808,1.039440538599437,0.010993657505285413,0.19362526064938934,0.8597714594617271,Chemicals & Energy,Chemicals & Energy,0.13630721571375246,0.6352790316562442,0.22449242780548284,0.2516872332929312,0.24544926733104344,0.20457586459871024,1.625522948783149,0.4534526745178371
026960,동서,DONG SUH COMPANIES INC.,25350,99700000,2527395000000,2527395000000,144395,4632,12,CFS,KRW,standard,144876386111.0,1722043323436.0,157251142776.0,1694360738168.0,1140.0,1468.0,77.6,True,20260303.0,,1,False,1.4676721343787558,0.08413051178174052,0.09280853789496164,-0.8678026113221118,0.04497041420118343,0.776566757493188,0.3836775635440065,Retail & Trading,Retail & Trading,0.08413051178174052,-0.20575346372875786,0.5894310272727643,0.8029622871364266,0.2973281736109392,0.12161577711899202,0.8962953672194311,0.6374871365584556
450080,에코프로머티,"ECOPRO MATERIALS CO., LTD.",34950,70813870,2474944756500,2474944756500,1311408,28202,12,OFS,KRW,OFS totals,24103738371.0,1144680193740.0,-42686351369.0,737605448212.0,0.0,,14.2,False,,,0,False,2.162127701723957,0.021057181300784232,-0.05787152395969185,7.8928705260476075,0.0,0.142,0.7710927839499768,Industrials,Industrials,0.021057181300784232,0.5542893380465533,0.2168034459034235,0.24209993831161736,-0.45373874946929504,0.9842671997802347,0.014775286768781218,145.3340600801284
489790,한화비전,"Hanwha Vision CO.,LTD",47950,50488390,2420918300500,2420918300500,1867758,264,12,CFS,KRW,standard,45589822699.0,865880645572.0,10595898861.0,822869661844.0,0.0,902.0,0.0,False,,,0,False,2.795903006817693,0.052651393621211386,0.012876764513659728,3.9774629107551656,0.0,0.0,1.0281551337904868,Tech Hardware & Semis,Tech Hardware & Semis,0.052651393621211386,0.9281537862305589,0.10000134755992796,0.10517240736069389,-0.3809758950626472,1.0032778507186244,0.4563396115650893,5.126803231542182
005440,현대지에프홀딩스,"HYUNDAI G.F. HOLDINGS CO., LTD.",13020,183397199,2387831530980,2387831530980,105280,64992,12,CFS,KRW,standard,411983219000.0,4000146952000.0,698862577000.0,3369831487000.0,300.0,2643.0,11.4,True,20241108.0,,2,False,0.5969359525119766,0.10299202102913144,0.2073879894873212,-10.439596845818977,0.02304147465437788,0.11350737797956867,-0.5159454535691792,Holding Companies,Holding Companies,0.10299202102913144,0.07684742929252675,-0.592792882861706,-0.44721872651970374,-0.7717268727767261,-0.9201223297663939,1.1599059776374245,-0.48535832729489303
004370,농심,"NONGSHIM CO.,LTD",390000,6082642,2372230380000,2372230380000,108241,108,12,CFS,KRW,standard,170132973883.0,2830704457688.0,157301500634.0,2672015203505.0,6000.0,29342.0,20.58,True,20250522.0,20250328.0,4,False,0.8380353426007382,0.06010269755322936,0.05886998712719175,0.12327104260376129,0.015384615384615385,0.20448503851134892,-0.17669500444817682,Consumer Staples,Consumer Staples,0.06010269755322936,-0.06819941485032,-0.10849558959785682,-0.10281714825458266,-0.5447650843748972,-0.25771534125605805,0.5604798875189323,0.49521037464958173
000240,한국앤컴퍼니,"HANKOOK & COMPANY CO., LTD.",24650,94935240,2340153666000,2340153666000,160047,64992,12,CFS,KRW,standard,347229288109.0,4781079225610.0,350713050064.0,4452873418433.0,1100.0,3666.0,30.01,True,20260327.0,,1,False,0.48946138634660014,0.07262571309194282,0.07876106439769819,-0.6135351305755363,0.04462474645030426,0.3000545553737043,-0.7144497039910962,Holding Companies,Holding Companies,0.07262571309194282,-0.10535010964050373,-0.6090995943505925,-0.4561596744117381,-0.9702311231986431,-0.8898267253123924,0.7355029849357481,-0.3345215500527732
282330,BGF리테일,"BGF retail CO., LTD.",132900,17283906,2297031107400,2297031107400,1263022,47122,12,CFS,KRW,standard,195263084525.0,1313057157689.0,195217876198.0,1184132956540.0,4100.0,11303.0,36.3,True,20250430.0,,2,False,1.749376326802718,0.14870874689771002,0.16486144999157917,-1.6152703093869154,0.030850263355906696,0.362735556931788,0.5592593397311478,Retail & Trading,Retail & Trading,0.14870874689771002,0.18171529049403717,0.37754404923711066,0.45869769689988993,0.47290994979808054,-0.1893775961403923,1.7988481669638234,-0.027501954344821722
483650,달바글로벌,"d'Alba Global Co., Ltd.",182100,12527165,2281196746500,2281196746500,1649204,20423,12,CFS,KRW,standard,79053534113.0,198554792679.0,15408977423.0,102069072470.0,2629.0,6594.0,41.1,True,20260331.0,,1,False,11.489003693745989,0.3981446785865524,0.15096617467087287,24.717850391567953,0.01443712246018671,0.3986957840461025,2.4413903773740038,Chemicals & Energy,Chemicals & Energy,0.3604605913531132,1.9801970068509496,0.4611933705230542,0.5859655006095197,1.8270681852433204,0.09727494667462588,5.284993276044757,1.1738918279843604
005850,에스엘,SL CORPORATION,48300,46448520,2243463516000,2243463516000,125521,303,12,CFS,KRW,standard,310834472376.0,2552540824483.0,368357798821.0,2299756239403.0,2770.0,6749.0,41.0,True,20260327.0,,1,False,0.8789138627995885,0.12177453515908308,0.16017254025001493,-3.8398005090931844,0.057349896480331265,0.41043117498888726,-0.12906838063845597,Autos,Autos,0.12177453515908308,-0.06623909606982237,-0.0628292845686336,-0.06089622048777765,-0.12906838063845597,-0.6747651451285407,1.4224125432594752,-0.38209637776003647
018670,SK가스,SK GAS LTD,240500,9269244,2229253182000,2229253182000,144164,46713,12,CFS,KRW,standard,235249768492.0,2928065570208.0,194021587568.0,2778660491314.0,9000.0,26176.0,34.5,True,20260324.0,,1,False,0.7613399114698245,0.08034306706980221,0.06982558256919297,1.0517484500609242,0.037422037422037424,0.34382640586797064,-0.272675356627315,Retail & Trading,Retail & Trading,0.08034306706980221,-0.2284780934989441,-0.04419726312837091,-0.04323479564068444,-0.35902474656038236,-0.5062000287533337,0.8433616067582119,-0.09725566664537844
103140,풍산,POONGSAN CORPORATION,76700,28024278,2149462122600,2149462122600,684714,242,12,CFS,KRW,standard,147164434318.0,2298131546597.0,236045982790.0,2199301948907.0,1700.0,5388.0,31.6,False,,,0,False,0.9353085665539272,0.06403655810561254,0.10732768318025142,-4.329112507463888,0.02216427640156454,0.31551596139569416,-0.06687878643257979,Steel & Metals,Steel & Metals,0.06403655810561254,-0.34768684670236416,0.2808080602697844,0.32419941306327904,-0.13185831118279756,-0.17753943135263328,0.6154599725116771,0.5196903264674646
204320,HL만도,"HL Mando CO.,LTD",45500,46957120,2136548960000,2136548960000,1042775,303,12,CFS,KRW,standard,100037573498.0,2713805689016.0,129930183944.0,2518549871228.0,750.0,2130.0,35.2,False,,,0,False,0.7872888499893639,0.03686246731035215,0.05158928374948095,-1.47268164391288,0.016483516483516484,0.352112676056338,-0.23916007123245223,Autos,Autos,0.03686246731035215,-0.5757106399846733,0.3365505687522211,0.4001096692786694,-0.23916007123245225,-0.14507313725022067,0.23567177167703465,2.340615825081788
009970,영원무역홀딩스,"Youngone Holdings Co., Ltd",163400,12953817,2116653697800,2116653697800,140964,64992,12,CFS,KRW,standard,367684364214.0,3015191834807.0,333959735242.0,2714895195388.0,6576.0,31684.0,20.8,True,20250825.0,,2,False,0.701996361679417,0.12194393735400096,0.12301017579217162,-0.10662384381706635,0.04024479804161567,0.2075495518242646,-0.35382705776260986,Holding Companies,Holding Companies,0.12194393735400096,0.19055873458516592,-0.5443857923477757,-0.41980196400439296,-0.6096084769701569,-0.9008002104686426,1.4247801277100474,-0.5072949516725165
112610,씨에스윈드,CS Wind Corporation,50100,42171403,2112787290300,2112787290300,670340,2511,12,CFS,KRW,standard,34701475321.0,1153059191962.0,142294111286.0,1148662127810.0,1000.0,837.0,119.4,True,20260326.0,,1,False,1.832332030331387,0.030095137841062037,0.12387812555228324,-9.37829877112212,0.01996007984031936,1.1947431302270013,0.6055894890939448,Industrials,Industrials,0.030095137841062037,0.6085169854124569,-0.0029274963185120795,-0.002923215379661115,-0.619242044325327,0.7506659606806105,0.14109080103991495,11.986899335932012
069960,현대백화점,"HYUNDAI DEPARTMENT STORE CO.,LTD",96400,21564912,2078857516800,2078857516800,428251,47111,12,CFS,KRW,standard,207666979000.0,4549528552000.0,-35946510000.0,4395369423000.0,2150.0,9572.0,22.3,True,20241107.0,,2,False,0.456939107654599,0.045645823875247106,-0.008178268204692836,5.3824092079939945,0.022302904564315353,0.22461345591307982,-0.7832051406098588,Retail & Trading,Retail & Trading,0.045645823875247106,-0.4366611999498518,-0.346543940660007,-0.2928722530553033,-0.8695545305429261,-0.7552978262089161,0.35842896757381226,0.27483866816791336
051600,한전KPS,"KEPCO Plant Service & Engineering Co., Ltd",45750,45000000,2058750000000,2058750000000,159218,42311,12,CFS,KRW,standard,124231434985.0,1345765710536.0,172438789905.0,1328411823106.0,1651.0,2761.0,59.8,True,20250220.0,,2,False,1.529798228534169,0.0923128253397988,0.12980823183417295,-3.7495406494374146,0.03608743169398907,0.5979717493661717,0.42513584993278464,Construction & Real Estate,Construction & Real Estate,0.0923128253397988,0.3286881829772603,0.09644766695552431,0.10125194776858093,-0.14656138853563638,0.10142309960048917,1.010652317311828,0.5136740918016052
030000,제일기획,Cheil Worldwide Inc,17680,115041225,2033928858000,2033928858000,148276,71310,12,CFS,KRW,standard,207545863918.0,1572341881326.0,207516530912.0,1457996568297.0,1230.0,2049.0,60.0,True,20260319.0,,1,False,1.2935665469170934,0.13199792385035927,0.14232991724691632,-1.0331993396557049,0.06957013574660634,0.6002928257686676,0.25740316849267253,Business Services,Business Services,0.13199792385035927,1.0332606657875698,-0.7758574972948973,-0.539691101917277,-0.7807563651433911,-0.36532337036914164,1.5652957928499351,-0.17359610060543518
002790,아모레퍼시픽홀딩스,AMOREPACIFIC Holdings Corp.,26350,76458180,2014673043000,2241155968960,154462,20423,12,CFS,KRW,standard,124038133589.0,3482154028036.0,252032886627.0,3335589438539.0,400.0,1361.0,30.5,True,20241112.0,20241031.0,4,False,0.6436119571149626,0.03562109332049273,0.07555872545794824,-3.9937632137455514,0.015180265654648957,0.29390154298310067,-0.44065928554835365,Chemicals & Energy,Chemicals & Energy,0.03562109332049273,0.031163320826098184,-0.47182260637445184,-0.3761358273702694,-1.0549814776790374,-0.3372190186119127,0.21832218681976093,1.9479915279811015
081660,미스토홀딩스,Misto Holdings Corporation,37750,53091840,2004216960000,2004216960000,195229,464,12,CFS,KRW,standard,224306276502.0,1932141962003.0,84220106878.0,2005208821773.0,1980.0,4061.0,46.97,True,20260423.0,,1,False,1.0373031585744774,0.11609202683506116,0.042000666446067605,7.409136038899355,0.052450331125827816,0.4875646392514159,0.03662422844713137,Retail & Trading,Retail & Trading,0.11609202683506116,-0.0139846983150866,0.05060892676221797,0.051911438421871736,-0.04972516148593592,-0.4662567586834952,1.3429931570187925,-0.22761843338270826
139480,이마트,E-MART Inc.,71400,27595819,1970341476600,1970341476600,872984,471,12,CFS,KRW,standard,136191668992.0,10999057243294.0,-590019504443.0,10390572925028.0,2500.0,5084.0,49.2,True,20250211.0,,3,False,0.17913730540872444,0.012382122029143407,-0.05678411659301357,6.916623862215698,0.0350140056022409,0.4917387883556255,-1.7196026978662118,Retail & Trading,Retail & Trading,0.012382122029143407,-0.6362430728827816,-1.08335962498343,-0.6615434735908032,-1.805952087799279,-1.4410646459134133,-0.10646833377159765,-2.682540705417826
229640,LS에코에너지,LS Eco Energy Ltd.,64000,30624879,1959992256000,1959992256000,1093007,64992,12,CFS,KRW,standard,42064947281.0,209188487673.0,31238497162.0,183406928558.0,250.0,1387.0,18.2,False,,,0,False,9.3695034454469,0.20108633964004383,0.17032343002309883,3.0762909616945002,0.00390625,0.1802451333813987,2.237460100763587,Holding Companies,Holding Companies,0.20108633964004383,0.6654123437756894,1.5720477569878974,3.8165011259646855,1.9816786815560399,1.0941757272455508,2.5308833935161004,2.7020684040405576
457190,이수스페셜티케미컬,"ISU SPECIALTY CHEMICAL CO., LTD.",63800,30218872,1927964033600,1927964033600,1762569,20111,12,CFS,KRW,"no NCI, NI = total NI",769523000.0,132855533000.0,10511892000.0,121654548000.0,0.0,26.0,0.0,False,,,0,False,14.511733083785076,0.00579217878716425,0.08640771901104757,-8.061554022388332,0.0,0.0,2.674957500410431,Chemicals & Energy,Chemicals & Energy,0.00579217878716425,-0.14780986314666877,2.8227673635571,15.82334261767998,2.060635308279747,3.0031485447692914,-0.19857013420829162,-74.08114657646797
007070,GS리테일,"GS Retail Co.,Ltd",22800,83607415,1906249062000,1906249062000,140177,47122,12,CFS,KRW,standard,43432989490.0,3284403082178.0,2547581467.0,3206848365293.0,600.0,520.0,115.4,True,20260320.0,,2,False,0.5803943713071603,0.013224013132151276,0.0007944190609608805,1.2429594071190395,0.02631578947368421,1.1538461538461537,-0.5440474559737123,Retail & Trading,Retail & Trading,0.013224013132151276,-0.6311917348230172,0.08714427884930487,0.09105408439074747,-0.6303968459067796,-0.27185276860076213,-0.09470196742951495,-7.128641115498872
073240,금호타이어,"KUMHO TIRE CO., INC.",6570,287260287,1887300085590,1887300085590,481454,221,12,CFS,KRW,standard,347392549367.0,2029382614832.0,324873519111.0,1720557575377.0,0.0,1209.0,0.0,False,,,0,False,0.9299873132825857,0.17118139616848865,0.1888187432726948,-1.7637347104206142,0.0,0.0,-0.07258433455951166,Materials,Materials,0.17118139616848865,0.07537762234391865,-0.1479619569034303,-0.1375360748836677,0.08223961083546058,-0.990545078332461,2.11292848335202,-0.5598585940745032
462870,시프트업,SHIFT UP Corporation.,31550,58741890,1853306629500,1853306629500,1384787,58212,12,CFS,KRW,standard,191430447697.0,921190987215.0,147973272692.0,764404135605.0,0.0,3293.0,0.0,False,,,0,False,2.0118592726390303,0.2078075560375857,0.19357989550237606,1.422766053520963,0.0,0.0,0.6990593057749095,Software & Internet,Software & Internet,0.2078075560375857,0.956617902390037,-0.2575585966151275,-0.22706366646635967,0.19239955801343145,-0.4948671589557996,2.62481988258855,-0.23352482736645108
181710,NHN,NHN Corporation,56000,32328965,1810422040000,1810422040000,983271,5821,12,CFS,KRW,standard,32091574976.0,1463109810462.0,-132530342697.0,1451486782014.0,500.0,1023.0,48.0,True,20260326.0,,1,False,1.2373794687552062,0.021933811629536254,-0.09130661356289341,11.324042519242965,0.008928571428571428,0.4887585532746823,0.21299581173142715,Software & Internet,Software & Internet,0.021933811629536254,-0.1586226745501541,0.37161848628158123,0.4500796504687665,-0.2936639360300509,0.4195651146710047,0.02702717250296301,44.782793913035164
089860,롯데렌탈,"LOTTE rental co., ltd.",49650,36309388,1802761114200,1802761114200,545716,76110,12,CFS,KRW,standard,127605882990.0,1565856399823.0,106775661696.0,1477175962572.0,1200.0,3514.0,34.1,True,20240927.0,,2,False,1.1512940231325037,0.0814927109563969,0.07228364419773421,0.920906675866269,0.02416918429003021,0.3414911781445646,0.14088654727647024,Consumer Discretionary,Consumer Discretionary,0.0814927109563969,-0.32148470393208683,0.46237125120855704,0.5878346793592264,0.15444161940935588,-0.10130030251553071,0.8594291612011558,0.33960316348054986
439260,대한조선,"DAEHAN SHIPBUILDING Co., Ltd.",45500,38088730,1733037215000,1733037215000,182696,3111,12,CFS,KRW,standard,248774797154.0,1092384070191.0,172651288145.0,453443097219.0,250.0,7314.0,3.9,False,,,0,False,1.5864724342757797,0.2277356508050346,0.38075623866342456,-15.302058785838996,0.005494505494505495,0.03418102269619907,0.4615129567094379,Industrials,Industrials,0.2277356508050346,1.7943580540725594,-1.3328450973631214,-0.7362741328572866,-0.7633185767098337,-0.8825649587731071,2.903337214219448,-0.4535693523625718
475150,SK이터닉스,"SK eternix Co., Ltd.",50800,34067004,1730603803200,1730603803200,1817081,411,12,CFS,KRW,standard,30721781368.0,273040531600.0,22380995585.0,241972753239.0,0.0,911.0,0.0,False,,,0,False,6.33826704430574,0.11251729253518637,0.09249386670776923,2.0023425827417145,0.0,0.0,1.846605394225513,Construction & Real Estate,Construction & Real Estate,0.11251729253518637,0.44991478076014446,1.3966906134653685,3.0418019245575163,1.274908155757092,1.3706588204164896,1.293032261604101,3.901863033519872
281820,케이씨텍,"KCTECH CO., LTD",86800,19798661,1718523774800,1718523774800,1261893,272,12,CFS,KRW,"no NCI line, equity = total",53392149112.0,530239452127.0,52685900043.0,481848727958.0,450.0,2686.0,16.6,False,,,0,False,3.241033400865066,0.1006944106060441,0.10934116245626434,-0.8646751850220236,0.005184331797235023,0.16753536857781087,1.1758922298344974,Tech Hardware & Semis,Tech Hardware & Semis,0.1006944106060441,1.2164113997560544,-0.04051916992155702,-0.03970924436349221,-0.2332387990186371,0.7890270707038143,1.1277943115884004,1.8737805888560937
023590,다우기술,DAOU TECHNOLOGY INC,39200,43287312,1696862630400,1696862630400,176914,631,12,CFS,KRW,standard,505182368263.0,3446435267021.0,355835455442.0,2887288844494.0,1800.0,11707.0,15.4,False,,,0,False,0.492352967321716,0.14658112778066631,0.12324207053983215,2.333905724083417,0.04591836734693878,0.15375416417527973,-0.7085594064521845,Software & Internet,Software & Internet,0.14658112778066631,0.5892599552485958,-1.2978193617007803,-0.7268732652597619,-1.2152191542136626,-1.4411654522261284,1.7691123188498414,-0.7216949076236092
071970,HD현대마린엔진,"HD-Hyundai Marine Engine Co., Ltd.",49000,33921495,1662153255000,1662153255000,406046,29119,12,CFS,KRW,standard,165101642055.0,488912211304.0,75775091634.0,309374582999.0,0.0,4867.0,0.0,False,,,0,False,3.3996967483524196,0.3376917946366075,0.24492991925663438,9.27618753799731,0.0,0.0,1.2236862359832499,Industrials,Industrials,0.3376917946366075,2.4540937992977545,-1.2304075633145046,-0.7078265257781564,-0.0011452974360215418,-0.9488740160223135,4.440096856009998,-0.234319237034057
120110,코오롱인더,"KOLON INDUSTRIES, INC.",54200,29946032,1623074934400,1692686613400,795135,205,12,CFS,KRW,standard,38285727516.0,3927572301339.0,98606106934.0,3645874111195.0,1300.0,225.0,103.18,True,20260806.0,,1,False,0.4309752904670715,0.009747937040636404,0.027045943970259605,-1.7298006929623202,0.023985239852398525,5.777777777777778,-0.8417045212247072,Chemicals & Energy,Chemicals & Energy,0.009747937040636404,-0.1240753538382785,-0.7176291673864287,-0.5120923668550967,-1.4560267133553908,-0.5433187767459229,-0.14328400444070388,-4.007839515299314
000120,CJ대한통운,CJ Logistics Corporation ,69800,22812344,1592301611200,1592301611200,113410,493,12,CFS,KRW,standard,242080917610.0,4145790841567.0,248485572988.0,3948805108252.0,800.0,11347.0,6.6,False,,,0,False,0.38407668694597047,0.05839197558709927,0.0629267756133946,-0.45348000262953325,0.011461318051575931,0.07050321670926236,-0.9569130407444519,Transport,Transport,0.05839197558709927,-0.604804074293779,-0.3521089664506729,-0.2967965077872672,-0.798642775634071,-1.0250436664161215,0.5365706416663288,-0.28420107788004556
001430,세아베스틸지주,SeAH Besteel Holdings Corporation,44300,35862119,1588691871700,1588691871700,106669,2411,12,CFS,KRW,standard,56196198013.0,1943429767141.0,20236627791.0,1939752530391.0,1200.0,1567.0,68.6,True,20241119.0,20240913.0,4,False,0.8174681167085042,0.028915991183808415,0.010432582236106613,1.8483408947701803,0.02708803611738149,0.7657945118059988,-0.20154337793947674,Steel & Metals,Steel & Metals,0.028915991183808415,-0.5584098912134491,0.35686651327397234,0.4288451252654526,-0.26652290268969453,-0.04758243529313866,0.12461091250003252,5.560164758510141
294870,IPARK현대산업개발,IPARK HYUNDAI DEVELOPMENT COMPANY,23700,65907330,1562003721000,1562003721000,1310269,411,12,CFS,KRW,standard,158148718419.0,3212755613173.0,155717171971.0,3114585393894.0,700.0,2580.0,27.8,False,,,0,False,0.48618815405549165,0.049225256278615064,0.04999611578358914,-0.07708595049740752,0.029535864978902954,0.2713178294573643,-0.7211595817418665,Construction & Real Estate,Construction & Real Estate,0.049225256278615064,0.0701632066188248,-0.7913227883606913,-0.5467551484436348,-1.2928568202102875,-0.7202220792825913,0.40845552422024267,0.19030867554954378
007810,코리아써키트,"KOREA CIRCUIT CO.,LTD",65100,23982620,1561268562000,1628428696050,152686,2622,12,CFS,KRW,standard,47251781829.0,439819668845.0,-125918413910.0,379014576464.0,100.0,1726.0,5.1,False,,,0,False,3.7024917515089264,0.1074344445601689,-0.33222578161703004,43.966022617719894,0.0015360983102918587,0.05793742757821553,1.309006039340705,Tech Hardware & Semis,Tech Hardware & Semis,0.1074344445601689,1.2568515349646776,0.05215450437602742,0.053538506248715034,-0.10012498951242921,0.8713570050760304,1.2219937969838024,2.0298776971271346
001120,LX인터내셔널,LX INTERNATIONAL CORP.,40200,38760000,1558152000000,1558152000000,120076,4610,12,CFS,KRW,standard,141810366263.0,2771998158385.0,175694960423.0,2660265136883.0,2000.0,3943.0,50.7,True,20260326.0,,1,False,0.5621042695453299,0.051158174775130606,0.06604415401573831,-1.48859792406077,0.04975124378109453,0.507227998985544,-0.5760679132987566,Retail & Trading,Retail & Trading,0.051158174775130606,-0.4035871505866076,-0.17248076271214902,-0.15842552173346136,-0.6624173032318239,-0.5896942976447037,0.43547021419396126,0.29079843172687125
006040,동원산업,"DONGWON INDUSTRIES CO.,LTD",35200,44140819,1553756828800,1553756828800,118026,64992,12,CFS,KRW,standard,367034847342.0,3528034485558.0,75281008554.0,2796141886568.0,1150.0,8793.0,13.83,True,20241127.0,,1,False,0.44040295954030484,0.1040338037636696,0.02692317185892177,7.711063190474782,0.032670454545454544,0.13078585238257706,-0.8200651540374254,Holding Companies,Holding Companies,0.1040338037636696,0.0830981151094653,-0.9031632691468907,-0.5947143975400122,-1.0758465732449722,-1.2320915106182153,1.1744660522832282,-0.6250185701969532
001820,삼화콘덴서,"SAMWHA CAPACITOR CO.,LTD",146900,10395000,1527025500000,1527025500000,129350,26291,12,CFS,KRW,standard,12532615062.0,277559511155.0,21824954383.0,265211664924.0,500.0,1221.0,41.4,True,20260327.0,,1,False,5.501614747935083,0.0451528935537046,0.08229258840954162,-3.713969485583702,0.0034036759700476512,0.4095004095004095,1.7050416396828094,Tech Hardware & Semis,Tech Hardware & Semis,0.0451528935537046,0.8831628620518658,0.8218787776309436,1.2747696115602332,0.2959106108296754,1.736663017257522,0.3515397170238685,14.650051705428037
093370,후성,"FOOSUNG CO.,LTD",13950,107255330,1496211853500,1496211853500,595191,20129,12,CFS,KRW,standard,5311668698.0,334379444716.0,-69357619388.0,326536149542.0,0.0,50.0,0.0,False,,,0,False,4.474592793138897,0.01588515317534361,-0.2124041074327638,22.82892606081074,0.0,0.0,1.4984153516398213,Chemicals & Energy,Chemicals & Energy,0.01588515317534361,-0.08725211941818845,1.5856674710580099,3.8825492514384763,0.8840931595091377,1.7505592492708537,-0.057509569833297414,-78.80605568967682
011210,현대위아,HYUNDAI WIA,52500,27195083,1427741857500,1427741857500,106623,303,12,CFS,KRW,standard,99017000000.0,3610648000000.0,120435000000.0,3597615000000.0,1200.0,3716.0,32.2,False,,,0,False,0.3954253800148893,0.02742360928010706,0.03347634474506027,-0.6052735464953208,0.022857142857142857,0.32292787944025836,-0.927793182104054,Autos,Autos,0.02742360928010706,-0.6323436922149981,-0.29544948988905595,-0.25580299675299434,-0.927793182104054,-0.7625876468094228,0.10375321233131986,2.8112109604101647
298020,효성티앤씨,Hyosung TNC Corporation,311500,4327682,1348072943000,1348072943000,1316227,2050,12,CFS,KRW,standard,10814653783.0,1564865456680.0,134541835226.0,1458970619299.0,10100.0,2517.0,400.83,True,20250331.0,20250108.0,3,False,0.8614625220624753,0.006910916038714434,0.09221695998967004,-8.53060439509556,0.03242375601926164,4.012713547874454,-0.14912372708002847,Chemicals & Energy,Chemicals & Energy,0.006910916038714434,-0.14109745100994275,-0.008026276070085714,-0.00799415152059868,-0.7634459192107121,0.17063801064964218,-0.1829345344314982,-5.7091300980409425
322000,HD현대에너지솔루션,"HD HYUNDAI ENERGY SOLUTIONS CO.,LTD.",120100,11200000,1345120000000,1345120000000,1199550,2612,12,CFS,KRW,"no NCI, NI = total NI",41676678809.0,417784216586.0,114228449.0,369683769362.0,0.0,3721.0,0.0,False,,,0,False,3.2196525062432797,0.0997564703366934,0.00030898962428655005,9.944748071240685,0.0,0.0,1.1692734364170727,Tech Hardware & Semis,Tech Hardware & Semis,0.0997564703366934,1.210783767674625,-0.04151033125755221,-0.0406605758923958,-0.2398575924360613,0.7894753398332628,1.11468555111244,1.8883952994906168
097230,HJ중공업,"HJ SHIPBUILDING & CONSTRUCTION CO.,LTD",14660,90295344,1323729743040,1323729743040,633835,41221,12,CFS,KRW,standard,51434000000.0,669629000000.0,5343000000.0,343448000000.0,0.0,570.0,0.0,False,,,0,False,1.97681065640825,0.07680969611531162,0.015556940206377675,6.125275590893394,0.0,0.0,0.6814847664144036,Construction & Real Estate,Construction & Real Estate,0.07680969611531162,0.2356695652281111,0.4458152011862925,0.5617628279466342,0.10978752794598257,0.4745828487991553,0.7939788101893045,1.489752410315495
007310,오뚜기,OTOKI CORPORATION,311500,4007830,1248439045000,1248439045000,141529,108,12,CFS,KRW,standard,69218019894.0,2074266342959.0,136697686650.0,2053882013247.0,9000.0,20279.0,44.72,True,20260327.0,,1,False,0.6018701741161485,0.03336988045385653,0.06655576404503072,-3.3185883591174186,0.028892455858747994,0.44380886631490707,-0.5077135145451344,Consumer Staples,Consumer Staples,0.03336988045385653,-0.22859604569287406,-0.2791174688522603,-0.24354896143955573,-0.8757835944718548,-0.3873111204298946,0.1868589783261512,2.220986112134361
192080,더블유게임즈,"DoubleUGames Co., Ltd.",58300,21173468,1234413184400,1234413184400,1010110,5821,12,CFS,KRW,standard,131254556348.0,1185854990030.0,187182055816.0,1131377820155.0,1200.0,6651.0,17.6,False,,,0,False,1.0409478349193197,0.11068347938956642,0.16544610693389397,-5.476262754432755,0.02058319039451115,0.18042399639152007,0.04013167782905247,Software & Internet,Software & Internet,0.11068347938956642,0.3738744298211937,-0.3337427519921412,-0.28376199066878205,-0.4665280699324257,-0.4219977344582188,1.267402679349103,-0.17867631820542074
069620,대웅제약,DAEWOONG PHARMA,106200,11586575,1230494265000,1230494265000,427483,212,12,CFS,KRW,standard,195855574637.0,1006093316943.0,24734510693.0,794574152015.0,600.0,17022.0,3.5,False,,,0,False,1.223041883171274,0.19466939233042949,0.031129266702515465,16.354012562791404,0.005649717514124294,0.035248501938667604,0.2013411023747977,Healthcare,Healthcare,0.19466939233042949,1.0249640557089252,-0.8236229533341275,-0.5611611218058201,-0.45249364739189774,-0.8935937445487283,2.4411994040155505,-0.4989995978372428
001740,SK네트웍스,SKNetworksCompanyLimited,6070,200593889,1217604906230,1217604906230,131780,467,12,CFS,KRW,standard,49821000000.0,2023759000000.0,47835000000.0,2054203000000.0,250.0,257.0,97.0,True,20241031.0,,2,False,0.6016550914560479,0.02461804987649221,0.023286403534606853,0.1331646341885359,0.04118616144975288,0.9727626459143969,-0.508070935645535,Retail & Trading,Retail & Trading,0.02461804987649221,-0.5628276301835766,0.05475669453804166,0.05628358384293364,-0.5944203255786022,-0.32172645959720353,0.06454239323670492,8.321859033790675
300720,한일시멘트,"HANILCEMENTCO.,LTD.",16130,73545209,1186284221170,1186284221170,1319808,23311,12,CFS,KRW,standard,74200361247.0,1868385838037.0,184052294155.0,1719460569894.0,1000.0,1061.0,99.11,True,20260319.0,,1,False,0.6349246483351411,0.039713617892200376,0.10704071810518244,-6.732710021298207,0.06199628022318661,0.942507068803016,-0.45424895116972747,Materials,Materials,0.039713617892200376,-0.7134277108720587,0.25917875970233123,0.29586543264357257,-0.2994250057747553,-0.3816444720419223,0.2755197782928676,1.3044612342139699
280360,롯데웰푸드,"LOTTE WELLFOOD CO.,LTD",124300,9204574,1144128548200,1144128548200,1258507,108,12,CFS,KRW,standard,72288767366.0,2190932453415.0,84616418965.0,2134741929192.0,3300.0,8176.0,40.36,True,20241017.0,,2,False,0.5222107812665107,0.032994521238353884,0.03963777438757073,-0.6643253149216849,0.02654867256637168,0.40362035225048926,-0.6496839770732595,Consumer Staples,Consumer Staples,0.032994521238353884,-0.2308481971701586,-0.41883577990310095,-0.3421877876164574,-1.01775405699998,-0.5264533782842415,0.18161291500073834,1.8754055363539957
004000,롯데정밀화학,"LOTTE Fine Chemical Co., Ltd.",43100,25800000,1111980000000,1111980000000,157681,20119,12,CFS,KRW,standard,106092942018.0,2435737106786.0,36380501672.0,2368686673109.0,1500.0,4165.0,36.0,False,,,0,False,0.45652710093466453,0.04355681149760517,0.01535893374375644,2.8197877753848735,0.03480278422273782,0.36014405762304924,-0.7841072139301396,Chemicals & Energy,Chemicals & Energy,0.04355681149760517,0.0787775492178644,-0.862884763148004,-0.578056881007378,-1.3984294060608233,-0.7404598981491435,0.3292326916651328,0.38663963965949244
006340,대원전선,"DAWON CABLE CO.,LTD",13490,78414416,1057810471840,1084127319840,260392,28302,12,CFS,KRW,standard,8776112732.0,129046506917.0,6794390393.0,113845590709.0,0.0,113.0,0.0,False,,,0,False,8.401059011518134,0.06800736371457626,0.05968075136407433,0.832661235050193,0.0,0.0,2.128357770702538,Industrials,Industrials,0.06800736371457626,0.8359899552550648,1.2923678154474731,2.6413985156190805,0.9035262372832666,1.987778449170543,0.6709564058405695,11.521020648119972
000080,하이트진로,HITE JINRO,15030,70133611,1054108173330,1068020172110,150244,11122,12,CFS,KRW,standard,41492231483.0,1121101872935.0,95866949188.0,1126847810711.0,700.0,596.0,117.86,True,20260327.0,,1,False,0.9526522057393105,0.03701022403465886,0.08507532985089747,-4.8065105816238605,0.046573519627411845,1.174496644295302,-0.04850538869554056,Consumer Staples,Consumer Staples,0.03701022403465886,-0.20675402121414033,0.15824863251859977,0.17145742091101046,-0.4165754686222611,0.044468248367347245,0.23773683655476935,3.0071712047023906
006120,SK디스커버리,"SK Discovery Co.,Ltd.",60300,17413751,1050049185300,1101534454300,131832,64992,12,CFS,KRW,standard,129346876663.0,2907925661951.0,36470741785.0,2852636950788.0,2000.0,6866.0,28.4,True,20260327.0,,1,False,0.3788042000911925,0.04448080580444341,0.012784922306683814,3.16958834977596,0.03316749585406302,0.29129041654529564,-0.9707358298457482,Holding Companies,Holding Companies,0.04448080580444341,-0.2742192672571495,-0.6965165625885987,-0.5016818560154714,-1.2265172490532952,-0.9340504985031652,0.3421465417740297,0.10714022747999397
017960,한국카본,"HANKUK CARBON CO.,LTD",20250,51676486,1046448841500,1046448841500,159795,2512,12,CFS,KRW,standard,101743537476.0,580170310439.0,20321351760.0,474286350797.0,320.0,2043.0,15.84,False,,,0,False,1.8036925066161675,0.17536839725392578,0.04284616608901269,13.252223116491308,0.01580246913580247,0.15663240332843856,0.5898359562340741,Industrials,Industrials,0.17536839725392578,1.4801550651076332,-0.890319108873559,-0.5894752702359249,-0.6349955771851975,-0.35967242390925247,2.171446489386217,-0.1693589893039451
195870,해성디에스,"HAESUNG DS Co.,Ltd.",61200,17000000,1040400000000,1040400000000,1032413,262,12,CFS,KRW,standard,23820804171.0,564369713446.0,58697149418.0,556276567172.0,900.0,1401.0,64.23,True,20260326.0,,1,False,1.8434724174821395,0.042207800318610156,0.10551792558224175,-6.33101252636316,0.014705882352941176,0.6423982869379015,0.6116509765416918,Tech Hardware & Semis,Tech Hardware & Semis,0.042207800318610156,0.8654923325797799,-0.2538413560380881,-0.22418512937103907,-0.7974800523114423,0.66546263507448,0.3103787571421166,4.939428440452348
003160,디아이,DI CORPORATION,36750,28300000,1040025000000,1040025000000,118275,27212,12,CFS,KRW,standard,5095642324.0,163568120352.0,1095356869.0,153553412407.0,250.0,196.0,127.6,True,20260320.0,,1,False,6.35836003838558,0.031153028554917268,0.007133393207157839,2.401963534775943,0.006802721088435374,1.2755102040816326,1.849770488501808,Tech Hardware & Semis,Tech Hardware & Semis,0.031153028554917268,0.7991638143754138,1.0506066741263942,1.859385307049359,0.440639459648674,1.9868761115314044,0.15587600264691148,39.791141230305115
003240,태광산업,"TAEKWANG INDUSTRIAL CO.,LTD",910000,1113400,1013194000000,1013194000000,153393,20501,12,CFS,KRW,standard,80823968992.0,3930042875280.0,214531185570.0,3929246831442.0,1750.0,98789.0,1.77,True,20260813.0,20260312.0,2,False,0.2578073655056025,0.020565671051678187,0.05459855152221854,-3.4032880470540356,0.0019230769230769232,0.017714522871979672,-1.3555426182660881,Chemicals & Energy,Chemicals & Energy,0.020565671051678187,-0.059169059740200924,-1.2963735585258873,-0.7264780921571006,-1.9698648103967717,-1.1386648390273415,0.007905883313622004,31.609558638614736
009240,한샘,"HANSSEM CO.,LTD.",39800,23533928,936650334400,936650334400,161693,46431,12,CFS,KRW,standard,46281084361.0,399759358345.0,151137006442.0,350663939878.0,0.0,2808.0,0.0,False,,,0,False,2.3430354158004545,0.11577236003330417,0.4310024192809283,-31.523005924762415,0.0,0.0,0.8514472749899318,Retail & Trading,Retail & Trading,0.11577236003330417,-0.015902695876040943,0.8673499708659728,1.3805938440485344,0.7650978850568645,0.35097486904085473,1.338525457237388,0.7504601075248107
032350,롯데관광개발,"LOTTE TOUR DEVELOPMENT CO.,LTD",11730,79725458,935179622340,935179622340,231372,75210,12,CFS,KRW,standard,27764866268.0,372015011925.0,-116574637396.0,316682433511.0,0.0,356.0,0.0,False,,,0,False,2.5138222715822462,0.07463372546266367,-0.368112105567582,44.27458310302457,0.0,0.0,0.9218044121965573,Business Services,Business Services,0.07463372546266367,0.6890760585997958,0.23272835359676147,0.26203860451135097,-0.11635512143950633,0.7312976971383638,0.7635671954837893,2.2922083170290093
003090,대웅,"DAEWOONG CO.,LTD",15890,58141980,923876062200,923876062200,111810,212,12,CFS,KRW,standard,175062902534.0,1176637791557.0,57885500089.0,996506946105.0,200.0,4280.0,4.7,False,,,0,False,0.7851830604365256,0.14878232179024772,0.05808840602190917,9.069391576833855,0.012586532410320957,0.04672897196261682,-0.24183839037784477,Healthcare,Healthcare,0.14878232179024772,0.7496420989349626,-0.9914804893128073,-0.6289730172788619,-0.8956731401445401,-0.9910296881681915,1.7998764580766349,-0.5637572473859791
030190,NICE평가정보,"NICE Information Service Co., Ltd.",15590,58268741,908409672190,908409672190,158325,63991,12,CFS,KRW,standard,77165549360.0,463851957374.0,76108000803.0,411950770230.0,510.0,1317.0,38.2,True,20250423.0,,3,False,1.958404309281715,0.16635814106909558,0.18475023304485497,-1.839209197575939,0.0327132777421424,0.38724373576309795,0.6721300137428214,Software & Internet,Software & Internet,0.16635814106909558,0.7079218339350323,-0.03579182019221083,-0.0351588669813514,0.1654702659813435,-0.20948913496189192,2.0455181184508873,-0.04258764974183915
071320,지역난방공사,KOREA DISTRICT HEATING CORPORATION,78200,11578744,905457780800,905457780800,159698,35300,12,CFS,KRW,standard,338886000000.0,2301416000000.0,210167000000.0,2267100000000.0,6157.0,26268.0,21.0,True,20241226.0,20240823.0,4,False,0.39343507683965,0.14725108368065573,0.09270301265934454,5.454807102131119,0.07873401534526854,0.2343916552459266,-0.9328392137085213,Utilities & Telecom,Utilities & Telecom,0.14725108368065573,-0.19181883860576399,-0.7410203751027573,-0.5233726713467616,-0.6544004390261706,-1.6704931504874536,1.77847569913044,-0.7787796161443115
185750,종근당,Chong Kun Dang Pharmaceutical Corp.,64900,13802780,895800422000,895800422000,992871,212,12,CFS,KRW,standard,77508541109.0,1003754624298.0,109072842041.0,893968875278.0,500.0,5882.0,8.5,False,,,0,False,0.8924496090132582,0.07721861422377752,0.12200966393497907,-4.479104971120155,0.007704160246533128,0.08500510030601836,-0.11378522741164289,Healthcare,Healthcare,0.07721861422377752,0.320260581020305,-0.4340458084319479,-0.35211742367932986,-0.7676199771783383,-0.32376820460340133,0.7996938964408767,0.1159890215308641
005300,롯데칠성,"LOTTE CHILSUNG BEVERAGE CO.,LTD",95800,9278884,888917087200,939467299200,120571,11209,12,CFS,KRW,standard,47225968028.0,1521797341877.0,59101609655.0,1498899096691.0,3400.0,4697.0,72.4,True,20241016.0,,2,False,0.6173406099140978,0.03103302044788107,0.03943001219059636,-0.8396991742715288,0.03549060542797495,0.7238662976367894,-0.4823343653957206,Consumer Staples,Consumer Staples,0.03103302044788107,-0.24261718197326887,-0.23971718342245174,-0.21314963607170978,-0.8504044453224411,-0.3443245218882639,0.15419875561773771,3.0035382091182337
034230,파라다이스,"PARADISE.Co.,Ltd.",9540,92629382,883684304280,883684304280,171265,91249,12,CFS,KRW,standard,94356432212.0,1723898099284.0,75553488659.0,1635744104531.0,150.0,1087.0,13.9,True,20250328.0,,1,False,0.5126082015213239,0.05473434436245959,0.046189063710954145,0.8545280651505442,0.015723270440251572,0.13799448022079117,-0.6682434653336469,Consumer Discretionary,Consumer Discretionary,0.05473434436245959,-0.4820346314823033,-0.18620883385134357,-0.16989977614706586,-0.6546883932007612,-0.7088150774064883,0.4854511693502652,0.05594184108652178
077970,STX엔진,"STX Engine Co,.Ltd",21950,40148063,881249982850,881249982850,480455,29111,12,CFS,KRW,standard,68948215486.0,342971092433.0,27215787172.0,276569773273.0,0.0,1793.0,0.0,False,,,0,False,2.5694584829249236,0.2010321482107684,0.09840477811411262,10.262737009665578,0.0,0.0,0.9436951696721791,Industrials,Industrials,0.2010321482107684,1.634137309962647,-0.6904421402904679,-0.49864564890397733,-0.2811363637470927,-0.19918088976370418,2.5301260079027146,0.015545658555880637
009450,경동나비엔,"KYUNG DONG NAVIEN CO.,LTD",60200,14568592,877029238400,877029238400,101488,28520,12,CFS,KRW,alt NI id,89698872406.0,770495485591.0,124340920975.0,695417009624.0,750.0,6206.0,12.08,False,,,0,False,1.1382665502930034,0.11641712908570448,0.17880051717778517,-6.238338809208069,0.012458471760797342,0.12085078955849178,0.1295065352482896,Industrials,Industrials,0.11641712908570448,1.1264480553701357,-0.9969415201218461,-0.6309936845774637,-1.095324998170982,-0.3758239873319835,1.3475368232554805,-0.15529837059065021
003570,SNT다이내믹스,"SNT DYNAMICS CO.,Ltd",26050,33252697,866232756850,866232756850,134477,30331,12,CFS,KRW,standard,61574936460.0,866792976548.0,96131825495.0,790344489614.0,1800.0,2696.0,67.1,True,20260303.0,,1,False,0.9993536868512352,0.07103765042631283,0.12163281551055068,-5.059516508423785,0.0690978886756238,0.6676557863501483,-0.0006465220991444123,Autos,Autos,0.07103765042631283,-0.3706598886983065,0.3700133665991621,0.44775396608094287,-0.0006465220991444123,-0.16405802860772187,0.7133080394953848,0.40101279043231797
285130,SK케미칼,"SK Chemicals Co., Ltd.",50000,17298766,864938300000,918564425150,1267170,20202,12,CFS,KRW,standard,44645811433.0,2259328664799.0,8838745406.0,2200693238164.0,1150.0,2306.0,50.1,True,20260325.0,,1,False,0.4065652064976211,0.01976065374135015,0.004016345964408021,1.574430777694213,0.023,0.4986990459670425,-0.9000109532702703,Chemicals & Energy,Chemicals & Energy,0.01976065374135015,-0.06399915541872858,-0.8360117978515417,-0.5665642898238221,-1.5143331454009539,-0.6770676410020673,-0.003345130684739742,-122.53940901392698
004490,세방전지,"SEBANG GLOBAL BATTERY CO.,LTD",59300,13860000,821898000000,821898000000,133858,28202,12,CFS,KRW,standard,141070751329.0,1624569598302.0,169418300596.0,1469354210786.0,2650.0,10646.0,25.01,True,20251127.0,,2,False,0.5059173832004783,0.08683576959488047,0.11530119786798941,-2.846542827310894,0.04468802698145025,0.24891978207777568,-0.6813818973327275,Industrials,Industrials,0.08683576959488047,0.9489601991358634,-1.6303420964685909,-0.8041374412249808,-1.9062134307519991,-0.9638268859675285,0.9341043598141522,-0.45839308222355934
100840,SNT에너지,"SNTEnergy Co.,Ltd.",36700,20680783,758984736100,758984736100,648721,29176,12,CFS,KRW,standard,84373067879.0,364744033303.0,34636527846.0,306281786285.0,1150.0,4270.0,26.9,True,20260303.0,,1,False,2.080869505189401,0.2313213107694887,0.11308712890217432,11.823418186731438,0.031335149863760216,0.2693208430913349,0.7327858377035263,Industrials,Industrials,0.2313213107694887,1.8158719774090926,-1.0830861397055662,-0.6614508980551874,-0.4920456957157453,-0.638308812286172,2.9534508079718598,-0.29544467117150397
005180,빙그레,"BINGGRAE CO.,LTD",84300,8841801,745363824300,745363824300,124726,104,12,CFS,KRW,standard,55565434852.0,743761731819.0,103226927609.0,721843501869.0,3300.0,6284.0,52.5,True,20260304.0,,1,False,1.0021540399464783,0.07470864992758496,0.14300458110618774,-6.829593117860279,0.03914590747330961,0.5251432208784214,0.0021517233285613738,Consumer Staples,Consumer Staples,0.07470864992758496,0.01943615091833234,-0.017284427589770966,-0.017135908789782772,-0.365918356598159,-0.18891952221967742,0.7646143483745832,0.31066601362746704
036530,SNT홀딩스,"SNT Holdings CO.,LTD ",45500,16303886,741826813000,741826813000,225159,64992,12,CFS,KRW,standard,129921212176.0,1378207193892.0,142933657592.0,1236309485655.0,3000.0,8924.0,33.85,True,20260303.0,,1,False,0.5382549273343378,0.09426827312452773,0.11561316907333553,-2.13448959488078,0.06593406593406594,0.33617212012550424,-0.6194229884194397,Holding Companies,Holding Companies,0.09426827312452773,0.024505030546565387,-0.643928018966005,-0.4747747280350416,-0.8752044076269866,-0.9578693761201256,1.0379818791942745,-0.48144092096082247
499790,GS피앤엘,"GS P&L Co., Ltd.",36700,19830841,727791864700,727791864700,1882845,64992,12,CFS,KRW,standard,19371206401.0,854876608787.0,-932209821.0,836533853138.0,350.0,979.0,35.7,True,20260319.0,,1,False,0.851341418421399,0.022659651933261055,-0.0011143719019895023,2.3774023835250557,0.009536784741144414,0.3575076608784474,-0.16094203413175512,Holding Companies,Holding Companies,0.022659651933261055,-0.4051459686602994,0.24420393452854428,0.2766046477116859,-0.41672345333930205,0.04015830773099874,0.03717159960162396,21.90300733746754
214320,이노션,INNOCEAN WORLDWIDE INC.,18050,40000000,722000000000,722000000000,565154,71310,12,CFS,KRW,standard,91762335304.0,1064713851835.0,100252830933.0,1001998693589.0,1175.0,2294.0,51.2,True,20260319.0,,1,False,0.6781164711585712,0.0861849736864516,0.10005285593128899,-1.3867882244837384,0.06509695290858726,0.512205754141238,-0.3884362194257562,Business Services,Business Services,0.0861849736864516,0.7583834305177779,-1.1468196499435341,-0.6823546118232979,-1.4265957530618198,-0.6659776811085695,0.9250087617669176,-0.2669080562401829
003850,보령,Boryung Corporation,8280,85787207,710318073960,710318073960,123143,212,12,CFS,KRW,standard,64302934599.0,845502782078.0,69633253502.0,784503260930.0,160.0,766.0,21.02,False,,,0,False,0.8401132308686728,0.07605289534466354,0.08876094844966267,-1.270805310499913,0.01932367149758454,0.20887728459530025,-0.17421859757611788,Healthcare,Healthcare,0.07605289534466354,0.3132662795957901,-0.487484877171908,-0.38583083587180356,-0.8280533473428133,-0.37541827747275947,0.7834016760639988,0.07239141367377044
100090,SK오션플랜트,"SK oceanplant Co.,Ltd",11360,62478129,709751545440,709751545440,480367,2413,12,CFS,KRW,standard,37796105089.0,814544413186.0,16389910603.0,708802695144.0,0.0,625.0,0.0,False,,,0,False,0.8713478773537783,0.04640152762347818,0.023123375115934392,2.3278152507543783,0.0,0.0,-0.13771398192162937,Steel & Metals,Steel & Metals,0.04640152762347818,-0.45349685032545617,0.3157828684038268,0.37133246369046824,-0.2026935066718471,-0.11550063954659445,0.36899076958835225,1.3614354319102828
090460,비에이치,"BHCo.,Ltd.",20250,33711538,682658644500,682658644500,447609,2622,12,CFS,KRW,standard,31028277613.0,748414496807.0,67029049848.0,715074016238.0,250.0,991.0,26.15,False,,,0,False,0.9121397934065446,0.04145868064471969,0.09373721926107652,-5.227853861635682,0.012345679012345678,0.2522704339051463,-0.09196201841031028,Tech Hardware & Semis,Tech Hardware & Semis,0.04145868064471969,0.8609976221516477,-0.9529596405619579,-0.614401898811656,-1.501093047263444,-0.03250599662383431,0.2999089749035765,2.0413887870471568
064960,SNT모티브,"SNT MOTIV CO.,LTD",25500,26540272,676776936000,676776936000,398792,303,12,CFS,KRW,standard,69627574785.0,1013770948783.0,104345991126.0,984795341182.0,1700.0,2921.0,58.2,True,20260303.0,,1,False,0.667583675397731,0.06868176176145677,0.10595703164147668,-3.727526988001992,0.06666666666666667,0.5819924683327627,-0.4040905401630944,Autos,Autos,0.06868176176145677,-0.3847951967385482,-0.019295343424546252,-0.019110379841317138,-0.4040905401630944,-0.5497512227737571,0.6803818700741628,-0.018810311149291548
268280,미원에스씨,"Miwon Specialty Chemical Co., Ltd.",133600,5000000,668000000000,668000000000,1234297,201,12,CFS,KRW,"no NCI, NI = total NI",61302751052.0,448498102489.0,54566854188.0,406341856929.0,3200.0,12662.0,25.2,True,20260320.0,,1,False,1.4894154429926123,0.13668452711793475,0.134288046524172,0.23964805937627398,0.023952095808383235,0.2527246880429632,0.39838372284050166,Chemicals & Energy,Chemicals & Energy,0.13668452711793475,0.6375428962457615,-0.23915917340525988,-0.2127104431609811,-0.21593846929018207,-0.2596547857774076,1.630796296120819,-0.0866943673250361
069260,TKG휴켐스,"TKG Huchems Co.,Ltd.",16200,40878588,662233125600,662233125600,426086,2049,12,CFS,KRW,standard,59907479411.0,902131284831.0,77655464459.0,867980071112.0,1000.0,1561.0,64.8,True,20260326.0,,1,False,0.7340762223139827,0.06640660890307415,0.08946687492434341,-2.3060266021269262,0.06172839506172839,0.6406149903907752,-0.30914241064473424,Chemicals & Energy,Chemicals & Energy,0.06640660890307415,0.21587610137001084,-0.525018512014745,-0.4084555864134518,-0.9234646027754179,-0.4376605863396658,0.6485840735179065,0.13181351853487344
005880,대한해운,KOREA LINE CORPORATION,1986,322747340,640976217240,640976217240,113535,50112,12,CFS,KRW,standard,180205305119.0,2157268023936.0,162090224993.0,2019939938796.0,0.0,560.0,0.0,False,,,0,False,0.297124052332876,0.08353403616033303,0.0802450715884231,0.32889645719099275,0.0,0.0,-1.2136055427628991,Transport,Transport,0.08353403616033303,-0.45395196643715063,-0.7596535763257485,-0.5321715342027064,-1.0553352776525182,-1.4711730872175908,0.8879589557161771,-0.665385375731435
093050,LF,LF Corp.,21650,29240000,633046000000,633046000000,593032,14111,12,CFS,KRW,standard,98892646618.0,1630803463666.0,75471464161.0,1571705372065.0,700.0,3646.0,18.9,False,,,0,False,0.38818043627214927,0.06064044430939099,0.04801883705585424,1.2621607253536746,0.03233256351039261,0.19199122325836535,-0.9462850055188247,Consumer Discretionary,Consumer Discretionary,0.06064044430939099,-0.44659809183944577,-0.4996869136793789,-0.3932794141046798,-0.932729933385939,-1.0313570821702283,0.5679954976847343,-0.31657832173942924
017940,E1,E1 Corporation,91700,6860000,629062000000,629062000000,165583,46713,12,CFS,KRW,standard,104790066993.0,2022023758134.0,69978171352.0,1940259222436.0,4550.0,18124.0,25.1,True,20260327.0,,1,False,0.3111051477360099,0.05182435002133914,0.03606640316036856,1.5757946860970575,0.04961832061068702,0.25104833370116975,-1.1676243283301662,Retail & Trading,Retail & Trading,0.05182435002133914,-0.39959010588139154,-0.7680342224487746,-0.5360758558002849,-1.2539737182632336,-1.1862701177341703,0.44478075562492764,-0.3005426970443007
453340,현대그린푸드,"HYUNDAI GREEN FOOD CO., LTD",19340,32471587,628000492580,628000492580,1721809,471,12,CFS,KRW,standard,87177163000.0,729519039000.0,74041687000.0,670079872000.0,676.0,2654.0,25.21,True,20241107.0,,3,False,0.8608418135883634,0.11949950356264794,0.11049680805812953,0.9002695504518404,0.034953464322647364,0.25470987189148453,-0.149844515489065,Retail & Trading,Retail & Trading,0.11949950356264794,0.006460127411572467,-0.15630464290063745,-0.1447014099653665,-0.23619390542213228,-0.6783996867311598,1.3906164414740654,-0.3809638747864481
001060,JW중외제약,JW PHARMACEUTICAL,26850,23285930,625227220500,643376274850,149947,212,12,CFS,KRW,equity = total - NCI,61511192817.0,369369598685.0,65040120873.0,329486740925.0,650.0,2534.0,25.5,True,20250421.0,,2,False,1.7418224919985201,0.16653019911759714,0.19739829496752,-3.0868095849922867,0.024208566108007448,0.2565114443567482,0.5549319742707041,Healthcare,Healthcare,0.16653019911759714,0.856129182482195,-0.301197208211491,-0.2600681622769545,-0.09890277549599136,-0.32798357360801556,2.0479228214148932,-0.14946868417867953
000640,동아쏘시오홀딩스,"Dong-A Socio Holdings Co.,Ltd",92600,6732527,623432000200,623432000200,116824,64992,12,CFS,KRW,standard,90944551526.0,1136697422982.0,58022061478.0,1049611141125.0,1700.0,14130.0,12.14,False,,,0,False,0.5484590600764231,0.08000770450188673,0.055279578507341755,2.472812599454497,0.0183585313174946,0.12031139419674451,-0.6006426418402825,Holding Companies,Holding Companies,0.08000770450188673,-0.06105823622281381,-0.5395844056174687,-0.4170095103931637,-0.8564240610478294,-0.8316404704979219,0.8386745411538635,-0.34604064727916595
248070,솔루엠,"SOLUM CO., LTD.",13000,47816236,621611068000,621611068000,1159233,2629,12,CFS,KRW,standard,13443384959.0,548018242283.0,39515509849.0,433686183870.0,75.0,281.0,47.51,True,20260401.0,,1,False,1.1342890072608134,0.02453090777233243,0.0911154454965183,-6.6584537724185875,0.0057692307692307696,0.2669039145907473,0.12600602932617866,Tech Hardware & Semis,Tech Hardware & Semis,0.02453090777233243,0.7594311569973785,-0.6334251276711999,-0.46922927342165,-1.2831249995269554,0.31300709164198065,0.06332448522259165,16.912328908378466
383800,LX홀딩스,LX Holdings Corp.,8130,76280690,620162009700,631063730100,1562589,64992,12,CFS,KRW,standard,135595000000.0,2000182000000.0,160279000000.0,1869328000000.0,290.0,1745.0,16.6,False,,,0,False,0.31550315426296205,0.06779133098888002,0.08574150710843682,-1.7950176119556807,0.03567035670356704,0.166189111747851,-1.1535865993869405,Holding Companies,Holding Companies,0.06779133098888002,-0.13435635311474675,-1.0192302462721938,-0.6391273836700777,-1.4093680185944875,-1.292538187432534,0.6679371077587404,-0.5276454166147
079900,전진건설로봇,"JUNJIN CONSTRUCTION & ROBOT CO., LTD.",42300,14592545,617264653500,617264653500,372129,292,12,CFS,KRW,standard,31538415082.0,155476734973.0,31342303551.0,150994898074.0,1389.0,2172.0,64.0,True,20260327.0,,1,False,3.970141600974537,0.20284973882090426,0.20757193753420514,-0.47221987133008736,0.032836879432624116,0.6395027624309392,1.3788017618147925,Industrials,Industrials,0.20284973882090426,1.6450428351466613,-0.26624107333186875,-0.23374561826358886,0.1539702283955211,0.22223077217260556,2.5555288621464283,0.553549897159038
002840,미원상사,"MIWON COMMERCIAL CO.,LTD",136600,4500000,614700000000,614700000000,121932,204,12,CFS,KRW,equity = total - NCI,43521733029.0,416384564328.0,50549440013.0,400463662799.0,2400.0,9449.0,25.16,True,20260324.0,,1,False,1.4762795085645402,0.10452292605812467,0.12622728279437348,-2.1704356736248807,0.017569546120058566,0.2539951317599746,0.3895250771964106,Chemicals & Energy,Chemicals & Energy,0.10452292605812467,0.44457361682713725,-0.055048539630726645,-0.05356079297109928,-0.224797114934273,-0.026186650362615527,1.181302081411077,0.24970533091849778
317450,명인제약,"MYUNGIN PHARM.CO., LTD",42000,14600000,613200000000,613200000000,179489,21212,12,CFS,KRW,standard,81435216634.0,794378106390.0,68670651454.0,531820520796.0,1500.0,6718.0,26.89,True,20260327.0,,1,False,0.7719245974522735,0.10251442729719362,0.12912373398306914,-2.660930668587552,0.03571428571428571,0.2232807383149747,-0.25886840542149764,Healthcare,Healthcare,0.10251442729719362,0.47203520231504936,-0.730903607736547,-0.5185262699197823,-0.912703155188193,-0.6594467744579785,1.15323107301783,-0.33064186743402213
014820,동원시스템즈,Dongwon Systems Corporation,20800,28991282,603018665600,606636986300,132637,222,12,CFS,KRW,standard,53673113010.0,862085652205.0,72413981495.0,835097773041.0,600.0,1834.0,32.73,True,20250411.0,,2,False,0.703685283183143,0.06225960595993863,0.08671317758554813,-2.4453571625609496,0.028846153846153848,0.3271537622682661,-0.3514240637097177,Materials,Materials,0.06225960595993863,-0.5781520116579089,0.22672794794819118,0.25448853533225857,-0.1966001183147454,-0.4486959755018385,0.590625086095074,0.19142464441456108
108320,LX세미콘,"LX Semicon Co., Ltd.",36550,16264300,594460165000,594460165000,525934,2612,12,CFS,KRW,standard,82633081344.0,1125606564582.0,130509153930.0,1079586526506.0,1500.0,5081.0,29.5,False,,,0,False,0.5281242875664606,0.073412046397123,0.12088809069559528,-4.747604429847228,0.04103967168262654,0.29521747687463096,-0.6384236298581922,Tech Hardware & Semis,Tech Hardware & Semis,0.073412046397123,1.052717491842657,-1.6911411217008492,-0.8156909151488982,-2.0475546587113262,-0.8197254065524981,0.7464928691412879,-0.2925260114353442
006650,대한유화,"KOREA PETRO CHEMICAL IND CO.,LTD",90800,6500000,590200000000,590200000000,260383,20111,12,CFS,KRW,standard,31707515763.0,1834934631352.0,-8528518983.0,1807642130951.0,1300.0,5134.0,25.3,True,20260313.0,,1,False,0.3216463354692555,0.01727991570993325,-0.004718035078388635,2.1997950788321887,0.014317180616740088,0.25321386832878845,-1.134302674103892,Chemicals & Energy,Chemicals & Energy,0.01727991570993325,-0.07888355838917338,-1.0554191157147186,-0.6519534750347148,-1.7486248662345756,-0.8926678402075938,-0.03801620913194301,-9.460768256848448
017900,광전자,AUK CORP,9880,57943763,572484378440,572484378440,152729,2612,12,CFS,KRW,standard,4256503122.0,240951214682.0,10548458386.0,239043668272.0,50.0,85.0,59.2,True,20260327.0,,1,False,2.375934809855793,0.017665414667519322,0.04412774645843057,-2.6462331790911247,0.005060728744939271,0.5882352941176471,0.865390964194619,Tech Hardware & Semis,Tech Hardware & Semis,0.017665414667519322,0.7182382681599861,0.14715269603463288,0.15853085259153477,-0.543740064658515,1.1041211938916529,-0.03262843161149769,-73.81792879736686
025540,한국단자,"KOREA ELECTRIC TERMINAL CO.,LTD",56000,10115000,566440000000,566440000000,157070,2812,12,CFS,KRW,standard,105999570000.0,1161482308000.0,142210654000.0,1076096945000.0,3200.0,10443.0,30.49,True,20260320.0,,1,False,0.4876871529583385,0.09126231994228534,0.13215412854833447,-4.0891808606049125,0.05714285714285714,0.30642535669826676,-0.7180811587120467,Industrials,Industrials,0.09126231994228534,0.9755194562219912,-1.693600614934038,-0.8161436650999566,-1.9429126921313187,-1.0338787063468455,0.9959703337306771,-0.5103396793641695
075580,세진중공업,"SEJIN HEAVY INDUSTRIES CO., LTD.",9960,56849456,566220581760,566220581760,415628,31114,12,CFS,KRW,standard,50680948614.0,228470597668.0,11350707867.0,187779700593.0,225.0,891.0,21.4,True,20260331.0,,1,False,2.47830831424006,0.2218270058874121,0.06044693772093025,16.138006816648186,0.022590361445783132,0.25252525252525254,0.9075761960646302,Industrials,Industrials,0.2218270058874121,1.7589062446314263,-0.8513300485667961,-0.5731531727817483,-0.3172553373546416,-0.3919820793463691,2.8207573170835336,-0.12140321351627015
033240,자화전자,"JAHWA ELECTRONICS CO.,LTD",25800,21605502,557421951600,557421951600,146861,26292,12,CFS,KRW,standard,47130953122.0,444654820562.0,16619189828.0,400535743755.0,0.0,2284.0,0.0,False,,,0,False,1.253606001382091,0.10599447243691434,0.04149240133276504,6.4502071104149294,0.0,0.0,0.22602419936641133,Tech Hardware & Semis,Tech Hardware & Semis,0.10599447243691434,1.2482117168632532,-1.0221875174968418,-0.6401930054312164,-1.1831068294867226,-0.2007751322110779,1.201868581900681,0.04304748477540743
192650,드림텍,"DREAMTECH CO.,LTD.",8450,65886829,556743705050,556743705050,415646,2629,12,CFS,KRW,standard,92224338.0,371253161502.0,3889168877.0,406158780438.0,0.0,1.0,0.0,True,20241030.0,,3,False,1.4996335729439996,0.0002484136098043792,0.009575488858829879,-0.9327075249025498,0.0,0.0,0.4052207935617957,Tech Hardware & Semis,Tech Hardware & Semis,0.003476022334144433,0.6331020584026578,-0.22788126484086207,-0.20378120661174404,-1.0039102352913383,0.7508632930470749,-0.27605043036327737,-6.432462361933322
016380,KG스틸,"KG DONGBUSTEEL CO., LTD.",5550,100008897,555049378350,555049378350,115676,24122,12,CFS,KRW,standard,135114344324.0,2056207915880.0,133372612713.0,1961290470885.0,300.0,1379.0,21.8,True,20250211.0,,1,False,0.2699383530543672,0.06571044848165308,0.06800247831358595,-0.22920298319328708,0.05405405405405406,0.21754894851341552,-1.3095616680740654,Steel & Metals,Steel & Metals,0.06571044848165308,-0.3376435214621306,-0.9719181466119348,-0.6216434018099202,-1.374541192824283,-1.4328345105621756,0.6388544558487881,-0.5774650226150109
114090,GKL,"Grand Korea Leisure Co.,Ltd",8860,61855670,548041236200,548041236200,557508,91249,12,CFS,KRW,standard,47072361742.0,441452020522.0,33060332413.0,413545764357.0,414.0,761.0,54.4,True,20260330.0,,1,False,1.2414514165139903,0.1066307538616286,0.07994358850320647,2.6687165358422122,0.04672686230248307,0.5440210249671484,0.216281192307896,Consumer Discretionary,Consumer Discretionary,0.1066307538616286,-0.1706567020426291,0.38693789435052506,0.4724650400357049,0.22983626444078165,-0.2153123044982404,1.2107613238635095,0.025347764291437258
002350,넥센타이어,NEXEN TIRE CORPORATION,5590,97667877,545963432430,571573432430,173874,221,12,CFS,KRW,standard,150831871349.0,2049843708852.0,126365075538.0,1862206390174.0,200.0,1469.0,13.7,False,,,0,False,0.27883756696265666,0.07358213248046715,0.06785771770775245,0.5724414772714694,0.03577817531305903,0.13614703880190607,-1.2771258639698715,Materials,Materials,0.07358213248046715,-0.5102169676344023,-0.7669088963354692,-0.5355534959887805,-1.1223019185748992,-1.4597091817480012,0.7488700116947216,-0.6276555842693761
003300,한일홀딩스,"HANIL HOLDINGS CO.,LTD.",17510,30831444,539858584440,539858584440,162993,23311,12,CFS,KRW,standard,31568668948.0,1679508026254.0,118763549838.0,1630533886513.0,1000.0,1024.0,97.66,True,20260319.0,,1,False,0.3214385260450995,0.01879637873384341,0.07283721658308089,-5.404083784923748,0.05711022272986865,0.9765625,-1.1349489634004553,Materials,Materials,0.01879637873384341,-0.8389309331870429,-0.29601803021341233,-0.2562259825049833,-0.980125018005483,-0.9047401652445911,-0.016821948473052715,-20.108281455029765
284740,쿠쿠홈시스,"CUCKOO HOMESYS CO.,LTD",24000,22437330,538495920000,538495920000,1267684,762,12,CFS,KRW,standard,119513787746.0,1084631130175.0,127047190250.0,958420242812.0,1200.0,5330.0,22.51,False,,,0,False,0.4964783925325067,0.11018841744540102,0.13255895960340341,-2.2370542158002396,0.05,0.225140712945591,-0.7002153160159044,Consumer Discretionary,Consumer Discretionary,0.11018841744540102,-0.1493107567055875,-0.5509045593103169,-0.42357183897511885,-0.6866602438830187,-1.1586146040742464,1.2604836369975894,-0.606120715922109
452260,한화갤러리아,HANWHA GALLERIA CORPORATION,2765,193859610,536021821650,549266204850,1722437,47111,12,CFS,KRW,standard,3312714308.0,824636627293.0,-17523111686.0,805068748083.0,0.0,17.0,0.0,False,,,0,False,0.6660705899676723,0.004017180656739088,-0.021765981759601757,2.5783162416340843,0.0,0.0,-0.40635962311594004,Retail & Trading,Retail & Trading,0.004017180656739088,-0.6864326360830109,0.2800730129670708,0.32322642149767344,-0.4927090130490074,-0.06479456847284132,-0.22337771108429896,-3.9818131215262946
178920,PI첨단소재,"PI Advanced Materials Co., Ltd.",18200,29366322,534467060400,534467060400,767460,2221,12,OFS,KRW,OFS totals,30385165747.0,355154473586.0,22271672089.0,335159977783.0,350.0,1035.0,,False,,,0,False,1.5048861837596417,0.08555478814669158,0.06645086992880707,1.9103918217884512,0.019230769230769232,0.33816425120772947,0.4087172699322177,Materials,Materials,0.08555478814669158,-0.43838115534563804,0.8470984252778557,1.3328680311451935,0.5635412153271899,0.13592404304766298,0.916201216589391,0.6425280347931239
005810,풍산홀딩스,POONGSAN HOLDINGS CORPORATION,36750,14417292,529835481000,529835481000,155531,64992,12,CFS,KRW,standard,74442846379.0,1162602582658.0,99668419622.0,1105236664785.0,1600.0,5389.0,29.5,True,20260323.0,,1,False,0.45573224152716374,0.06403120678504348,0.09017835075294788,-2.6147143967904394,0.04353741496598639,0.29690109482278715,-0.7858498315645124,Holding Companies,Holding Companies,0.06403120678504348,-0.15691706011405027,-0.6289327714504621,-0.4668394984050447,-1.0416312507720593,-0.8964701560948719,0.6153851818433774,-0.2594357892043738
007700,F&F홀딩스,"F&F Holdings Co., Ltd.",13280,39114367,519438793760,519438793760,126487,64992,12,CFS,KRW,standard,125724901800.0,2312118904091.0,106955966802.0,2208224262472.0,500.0,3218.0,15.54,True,20260630.0,,1,False,0.22465920452487076,0.05437648625144053,0.048435282873972224,0.5941203377468306,0.03765060240963856,0.15537600994406464,-1.4931706715705368,Holding Companies,Holding Companies,0.05437648625144053,-0.21484528517016194,-1.278325386400375,-0.7214967044302845,-1.7489520907780838,-1.5310459438698143,0.48044970346270305,-0.5323980784966581
009410,태영건설,TAEYOUNG ENGINEERING & CONSTRUCTION,1618,319453137,516875175666,520937513166,153861,41221,12,CFS,KRW,standard,63818016182.0,607581444685.0,34975507413.0,524267319131.0,0.0,191.0,0.0,False,,,0,False,0.8573953627502228,0.10503615069266374,0.06671311778688342,3.832303290578032,0.0,0.0,-0.15385613333507578,Construction & Real Estate,Construction & Real Estate,0.10503615069266374,0.4050280057549004,-0.5588841390899761,-0.42815319053385625,-0.7255533718034969,-0.573434834849058,1.1884749676005057,-0.2785751605006225
058650,세아홀딩스,SEAH HOLDINGS CORP,127400,4055236,516637066400,516637066400,377610,241,12,CFS,KRW,standard,64614677887.0,2220326715761.0,33257985951.0,2197926383845.0,4300.0,16587.0,25.4,True,20241121.0,20240913.0,4,False,0.23268515517678065,0.029101427924247542,0.015131528605985097,1.3969899318262444,0.033751962323390894,0.25923916320009643,-1.4580690045344131,Steel & Metals,Steel & Metals,0.029101427924247542,-0.5572972726558801,-0.900771731878533,-0.5937439819874407,-1.5230485292846307,-1.305505264978714,0.12720259759266864,0.8292484554591482
019170,신풍제약,"SHINPOONG PHARMACEUTICAL CO.,LTD",9250,52418522,484871328500,512449864000,137359,212,12,CFS,KRW,standard,8825117551.0,269974999795.0,-15387261008.0,256820523467.0,0.0,172.0,0.0,False,,,0,False,1.8981382142387937,0.03268864731068126,-0.05991445231976243,9.260309963044369,0.0,0.0,0.6408735185262974,Healthcare,Healthcare,0.03268864731068126,0.05308123221315608,0.5877922863131413,0.8000101185682804,-0.012961231240398052,0.766408773857908,0.17733798600501743,9.703506095896959
